age,driving_experience,annual_mileage,past_accidents,speeding_violations,credit_score,vehicle_age,vehicle_type,claim_status
56,38,16784.80734515792,1,1,635.0324625986739,old,sports,0
69,47,15076.326511119072,0,0,669.3628250918264,new,sports,0
46,27,12902.560177273666,0,2,577.2240698508557,new,suv,0
32,11,17155.267712724493,0,1,774.2696479273368,old,suv,0
60,38,17638.799079723194,1,0,465.25999391444236,moderate,sports,0
25,4,10707.285962098122,0,1,627.340888147277,moderate,suv,0
38,17,17746.51276778464,3,0,733.6230976410867,old,sports,1
56,37,14395.390853506278,0,0,697.6772553002604,moderate,sedan,0
36,16,15099.194538514426,0,0,552.5164423471404,moderate,sports,0
40,18,11462.843988046727,1,1,569.1754507011976,moderate,suv,0
28,9,13400.07188868436,0,2,549.3207440673397,new,sedan,0
28,7,10879.430939108684,0,0,709.922763066439,moderate,sedan,0
41,22,10687.127319534797,0,0,,old,suv,0
70,50,16508.360881707118,1,1,675.512308812345,new,suv,0
53,31,13579.533738227567,1,0,676.4301414075956,new,sports,0
57,37,9801.449320550337,0,2,850.0,moderate,sedan,0
41,23,23708.2105899535,2,0,681.3251259801704,new,sedan,0
20,0,10501.379842736254,0,2,568.8855985249536,old,sedan,1
39,19,19368.411844077335,0,0,503.9849737933601,new,suv,0
70,49,9094.145433512793,0,2,622.4147285362254,moderate,suv,0
19,0,16826.009340671182,1,0,638.0914157572681,moderate,suv,1
41,19,13997.758525525234,1,1,428.93004726094443,old,sedan,1
61,42,12483.773074566381,0,0,578.6145839706987,moderate,sedan,0
47,26,15786.969295062825,0,1,679.7352542827552,moderate,sedan,0
55,37,15249.039425317329,0,1,596.7644329733826,old,suv,0
19,0,11750.13926527182,1,1,746.8623785705837,new,sedan,0
38,19,11569.044476852,0,1,494.16435552794803,moderate,sedan,0
50,30,8704.343152022397,0,1,717.6882820153216,old,sedan,0
29,11,16222.257537428204,0,0,741.3889741525953,moderate,suv,0
39,21,9984.780691599966,0,0,745.6496475841536,moderate,sedan,0
61,39,15015.89982606873,0,0,493.4143615345621,new,sedan,0
42,24,17369.911936482866,0,1,681.4552795857384,new,suv,0
66,46,15832.220127296217,0,0,583.1245881478485,new,sports,0
44,23,12107.474807930967,0,0,509.3857558017099,old,suv,0
59,38,18635.249645399876,1,1,608.6132275026291,old,sedan,0
45,23,13368.114087594988,0,0,559.502200809919,moderate,suv,0
33,13,9663.356963980035,1,1,742.0750468163869,moderate,sports,1
32,12,13865.089982186888,1,0,701.306334301357,new,suv,0
64,46,17347.189511938905,2,2,534.7555531891132,moderate,sedan,0
68,48,12302.342742359493,0,0,577.5778686169072,moderate,sedan,0
61,42,,0,1,611.9302574383377,moderate,sports,0
72,54,11918.695739129398,0,0,642.7594852682103,old,suv,0
69,50,12463.14722525789,0,0,750.6378274803781,moderate,suv,0
74,52,10815.68393658699,1,1,719.0782326480632,moderate,sedan,0
20,0,17734.838147632116,0,1,655.139196897484,old,suv,0
54,32,14787.02971964319,1,1,623.9351150105078,moderate,sedan,0
68,47,11080.952209024103,1,0,472.6645965392528,moderate,sedan,0
24,2,13415.158630875587,0,1,779.1997626126056,moderate,suv,0
38,18,3000.0,0,1,605.2903402134343,moderate,sedan,0
26,7,18111.889453866574,0,1,805.4840240426257,moderate,sedan,0
56,35,14317.01344200677,0,1,669.6109292131836,old,sports,0
35,17,5375.047395960411,2,0,850.0,moderate,sedan,0
21,2,9173.274234703673,0,0,710.6321533366316,old,suv,0
42,24,13313.623749769587,0,1,506.7980368779121,new,suv,0
31,12,9743.316963580652,0,0,,old,sports,0
67,48,18173.397294744234,0,0,633.0865039328035,old,suv,0
26,4,16674.291543964617,0,1,562.6217112891676,moderate,suv,1
43,22,16438.143774071475,0,0,612.2939182817955,old,sedan,0
70,49,4582.61225914118,0,0,513.306084141789,moderate,sedan,0
19,0,12898.166343172425,0,0,650.5721281099122,new,sports,1
37,17,12209.534197563775,2,2,673.741194901094,new,sedan,0
45,25,11183.78218358165,0,0,549.5890592793882,moderate,suv,0
64,46,13339.298875345154,0,1,844.0254293481912,old,sedan,0
24,6,10495.047171655748,0,0,656.3513261280459,new,sedan,0
61,39,15860.882931800872,0,1,568.3259133877089,moderate,sedan,0
25,6,18066.205417351088,1,0,487.0460700034783,old,sedan,0
64,46,17721.534953694685,0,1,655.9942889397169,new,sports,0
52,34,14448.354993154078,0,2,623.9511467186647,new,suv,0
31,12,22996.95878533401,2,0,728.3040907286443,moderate,suv,0
34,12,19559.90045800204,0,0,635.6629735028032,moderate,suv,0
53,35,14593.767185309793,0,0,530.6281217731273,new,suv,0
67,45,13070.911159193935,0,0,817.0718296177581,new,suv,0
57,36,20352.10865112768,0,1,693.5624879507186,new,suv,0
21,0,,0,0,624.5891288401641,moderate,sedan,0
19,0,9358.291184703081,0,1,666.4638531449739,moderate,sedan,0
23,3,19343.285276914983,0,1,697.4041956561658,moderate,suv,0
71,49,14382.505861104284,0,1,507.1143386106565,moderate,sports,0
59,39,11556.353877626567,1,0,665.769421996281,old,suv,0
21,0,7083.1765630373475,1,0,604.9876526706108,old,suv,1
71,52,13924.335221208794,0,0,700.7299985629752,old,suv,0
46,26,14951.089659120298,0,1,575.9818075393722,moderate,suv,0
35,15,21349.31061644087,0,1,589.5298144902918,old,suv,0
43,21,18828.935230994743,0,1,816.2871098564058,old,sedan,0
61,40,12668.45311449586,0,0,773.0912090882136,moderate,sedan,0
51,32,16557.369576878948,0,0,320.44388200326915,new,suv,0
27,5,18304.997690691293,0,0,765.6761982464311,moderate,sedan,1
53,31,15343.829552068863,1,1,642.6347973742243,new,sedan,0
31,10,12651.383363875184,0,0,579.1817937100989,moderate,suv,0
48,29,12871.310175026218,0,0,549.282526429235,moderate,sedan,0
65,44,16541.892281827808,1,0,555.0882371720012,moderate,sports,0
32,13,16651.922262100186,1,1,582.0064055241585,old,sports,0
25,4,13828.181536945822,0,1,537.2867416318156,moderate,suv,0
31,9,4523.391179786642,0,2,514.5400338927358,moderate,suv,0
40,18,9837.909090834837,0,0,545.9619849156089,moderate,suv,0
74,56,17478.75568644845,1,1,682.3393855065688,moderate,sedan,0
57,37,6476.648010576497,0,1,655.0090148570797,moderate,sedan,0
38,17,19736.724065468858,1,0,705.5856451551856,old,suv,1
33,15,19144.629044554014,0,1,643.3630160789945,moderate,suv,1
62,42,15164.385527732822,0,0,519.3320669355209,moderate,sedan,0
35,14,17391.724136914432,0,1,699.4440923493606,moderate,suv,0
64,45,17115.098713435546,0,3,549.5310721125085,old,suv,0
70,50,14532.507486535149,0,0,714.6614301988934,old,sedan,0
41,19,9504.44352964572,1,1,533.407999704304,moderate,suv,0
43,25,18869.091900246745,1,0,581.2523373596475,moderate,sedan,0
42,22,20628.92004553454,0,1,613.8608359432085,moderate,sedan,0
62,42,10165.63790303063,1,0,717.4404801056949,old,suv,0
58,36,9354.979979321202,2,0,667.5997252127395,moderate,sports,0
46,25,14452.812380970636,0,0,652.0001322150924,new,sedan,1
32,13,12495.1016174542,0,0,838.5668785055306,moderate,sports,1
62,40,15579.796960821837,0,1,466.30168387748546,moderate,sedan,0
18,0,19831.976159441547,0,0,546.1622357299449,moderate,sedan,1
42,21,6017.3182469100175,0,1,541.8811521961009,new,sedan,0
24,4,21325.08780647662,0,1,472.93476900777256,new,sedan,0
26,7,13373.32623249232,0,1,578.0480487113973,moderate,sedan,0
41,23,17047.115914601978,2,0,718.7769163796706,old,sports,0
18,0,17474.903352417863,1,0,590.8352601484248,old,sedan,1
61,39,17941.364616791183,0,0,616.6997028013691,moderate,sedan,0
25,4,15247.632416119986,0,0,477.7445172119718,old,suv,0
41,19,16182.242407146983,0,1,570.3474424839653,moderate,sedan,0
28,6,16156.088202421612,0,1,603.8301284412416,moderate,suv,0
68,46,12478.86879688221,2,0,714.2400422547114,new,sedan,0
34,16,7967.779234251209,1,0,482.5083602081779,moderate,sedan,0
25,7,10123.256688939222,0,3,604.4991254278862,old,suv,1
52,30,14583.048082007861,1,1,758.681803006889,old,sedan,0
52,34,11852.77337241446,0,1,605.4916714376736,moderate,sedan,0
50,29,11862.01571044186,0,0,438.4438585881321,old,sedan,0
22,0,22197.004182744782,0,0,777.9175777348191,old,sedan,0
59,41,18435.579186639494,0,0,,new,suv,0
56,37,13991.696136360106,0,0,736.9397175078791,old,sedan,0
58,36,17688.13978262177,0,0,475.6216353254606,moderate,suv,0
45,23,13318.925577636397,0,0,801.2455725847215,old,suv,0
24,3,15442.893736745986,0,0,572.6723914888802,new,sedan,0
26,6,16766.514593675663,0,1,599.056105577977,new,sports,0
25,5,13329.576128912486,1,0,579.7222834007996,moderate,sports,0
29,8,12258.997809851617,0,1,744.6937181955207,new,suv,0
51,30,19895.727273874014,0,0,632.0201647494705,new,sedan,0
50,29,17456.45186879243,0,0,698.1741032587626,moderate,sedan,0
65,45,5981.556486829131,0,0,657.5901022884368,old,sedan,0
72,51,12327.456279873559,0,0,640.4957996307079,moderate,sedan,0
40,22,11874.910001222424,1,0,555.3215936253804,old,sedan,1
41,19,12515.44764475041,0,0,831.2140587307765,old,suv,0
54,32,18449.60915503558,0,1,503.6606371494771,moderate,sedan,0
52,33,15076.823872014766,0,1,691.2253974034685,moderate,sports,0
61,42,9441.481316577818,0,0,687.6656592107279,new,sedan,0
57,35,13467.140652165537,0,1,765.4356286152425,moderate,suv,0
39,21,17166.95059046476,1,1,788.8090032379278,moderate,sports,0
44,24,14121.419937864983,1,1,636.2611400583224,new,sedan,0
52,32,12421.296195346034,0,0,703.0394305924752,moderate,sports,0
18,0,16324.877114954113,0,2,826.4873710452509,moderate,sedan,0
52,32,21472.769957756307,0,1,643.4823233077748,moderate,sports,0
54,33,16845.699331834076,1,0,543.3566524934823,moderate,sports,0
64,42,20203.766052126797,0,1,611.5531887300579,old,sedan,0
31,9,12689.543128540387,2,1,519.5354001385533,new,suv,1
20,2,14966.551555503756,1,0,687.1816810994723,new,sedan,1
18,0,,1,1,756.4456208140635,moderate,sedan,1
22,3,15474.716336270765,2,0,637.8958507932462,new,sedan,0
43,24,16762.078425523665,1,0,487.90399505463597,old,sedan,0
72,52,11324.123515780888,0,0,752.1650835057677,moderate,suv,0
31,12,17589.330742053913,0,0,472.37010384342216,moderate,sedan,1
56,38,8488.456244179133,1,0,495.4045222076959,moderate,suv,0
44,26,9656.973349973272,0,1,632.1661612505281,moderate,sedan,0
26,6,23542.50440469292,0,0,675.1785245675499,moderate,sports,0
32,13,12959.517042084495,1,0,692.2247498758354,new,sedan,0
32,14,17918.077403944808,1,0,643.3860447953526,new,sedan,0
43,25,21793.161569707823,0,0,826.0043765134858,moderate,suv,0
59,38,5742.175684886095,0,2,656.5168341083202,new,suv,0
30,9,19504.984720622837,2,1,753.4668101752936,old,suv,1
68,50,17595.774425037085,0,0,728.6954564094698,moderate,sedan,0
49,29,21561.58912373216,1,2,520.712626779547,new,sedan,1
56,34,10273.907353341492,0,0,633.0269512714478,new,sedan,0
66,44,20805.018627818452,1,1,850.0,moderate,suv,0
69,51,12042.342273589238,1,2,599.5649146059743,new,sedan,0
49,31,19219.111257106626,1,3,582.5379475643309,new,sedan,0
21,3,14855.915856982241,0,0,667.0575581477023,moderate,suv,0
47,27,18083.075225740555,1,1,603.1480070739948,moderate,suv,0
54,33,15195.476733220612,0,0,570.6295420497761,old,suv,0
40,22,7642.393663253084,1,0,601.6716605702413,old,sedan,0
56,38,3000.0,1,1,793.2009671368626,new,suv,0
62,43,15839.662135933962,0,0,636.3381308522428,new,sedan,0
32,12,13945.059849474608,1,0,517.1924967245288,moderate,sedan,0
60,42,16592.883805681173,0,1,498.8253461911836,old,suv,0
46,27,13991.3861366257,0,0,850.0,old,suv,0
53,31,23072.30953087128,1,1,627.6665630565898,new,suv,0
30,12,15922.148511313218,0,1,693.4578500965418,moderate,sedan,0
49,31,13212.209089669339,0,1,572.862277366039,moderate,sports,0
24,5,16349.452265387465,0,2,682.0985969271416,old,sedan,0
68,48,13285.300812474778,0,0,795.9329651601532,new,suv,0
39,21,15371.72093645595,0,0,584.7736816256245,moderate,sedan,0
45,23,10130.07925105666,0,1,,moderate,sedan,0
19,1,14965.65919256158,0,1,509.4253724109612,new,sedan,1
59,37,13088.5904158593,0,1,850.0,moderate,sedan,0
62,41,10509.053498525282,1,0,676.8535930244575,new,sedan,0
74,53,22902.943472290568,1,0,608.7206155647708,moderate,sports,0
70,48,,0,0,620.2125876713836,moderate,sedan,0
23,3,15027.85689376775,0,0,598.9961825485665,old,suv,1
45,27,11788.767860204971,0,1,604.1094835876506,moderate,suv,0
45,27,16188.1578835195,2,1,405.250485765034,new,suv,0
61,40,9902.45946212433,1,0,640.2034267903244,moderate,sedan,0
61,39,18361.427295742204,0,0,636.0121319394287,moderate,sports,0
37,19,23144.624745435365,1,0,698.8661537260477,moderate,sedan,0
47,29,11641.843051597321,0,1,597.6856253558474,moderate,suv,0
28,8,19867.87545072528,0,0,572.8963685858978,moderate,suv,0
72,53,13472.48262241724,1,2,649.2225055547025,moderate,sedan,0
45,24,21023.164484304343,1,1,488.7631881909516,new,suv,0
42,21,23753.995944383965,0,0,664.3423187534585,moderate,sedan,0
56,37,14065.179953166165,1,2,463.8180740478279,moderate,sedan,0
50,32,8918.935676421392,0,0,762.0818648830796,old,sedan,0
18,0,18792.33754974436,0,0,718.4269955660775,moderate,sports,1
74,54,15897.668831776464,0,0,557.3814123575987,new,suv,0
44,23,17007.164671110564,0,1,716.1138013338036,moderate,sedan,0
74,54,13640.619832622539,1,0,661.1514224253881,moderate,sedan,0
69,50,11462.028725357204,1,1,549.098976891514,new,sedan,0
30,12,19641.392723867895,0,0,447.712384277091,old,suv,1
58,39,16279.159978224132,0,1,681.6435683426453,new,suv,0
20,0,9225.771863265098,2,1,570.5718152864965,moderate,sports,1
56,35,17747.500892811575,0,0,759.4969569696079,old,suv,0
23,3,16944.674391866003,0,0,651.4033733881852,moderate,suv,0
25,3,13698.804302705743,0,0,580.0417303502683,moderate,sedan,0
44,24,21479.252936969286,1,3,829.7838733090472,new,sedan,0
26,8,12527.307350610943,0,2,707.6446492603005,new,suv,1
54,36,14324.054007380633,0,1,300.0,moderate,suv,0
50,32,18074.592351872794,0,0,601.3608231209133,moderate,suv,0
68,48,15307.051801322887,0,1,511.5911007987577,moderate,sedan,0
59,37,9462.307382566254,1,0,570.0202062279691,old,sedan,0
61,43,15735.197491973719,2,0,635.5267601081464,moderate,sedan,0
41,19,13342.44083213907,0,2,685.4048508587546,moderate,sports,0
32,12,18427.984979665052,0,0,676.1365742113574,moderate,suv,0
71,49,15604.873375980558,1,0,757.7873076564802,moderate,sedan,0
49,29,15378.030612189563,0,1,713.6598377508667,moderate,suv,0
49,29,10806.995345123793,0,0,707.4746929125505,moderate,sedan,0
41,20,14079.898768343977,0,0,670.1492323133274,old,sedan,0
58,38,18880.404376050614,0,1,778.6798852725901,moderate,sedan,0
69,49,11893.854621834516,0,1,618.3723456809082,moderate,suv,0
66,47,14869.799107649143,1,0,620.969673126481,moderate,suv,0
66,48,11254.21579340396,0,5,459.442664702747,new,suv,0
69,48,10264.629435793324,0,1,755.6164043810036,old,suv,0
29,8,14660.56382004259,1,0,642.3074244220845,moderate,sedan,0
56,35,15695.204659509352,1,0,850.0,moderate,sedan,0
19,0,22975.45175693038,1,1,609.4467308237543,old,suv,1
20,0,13178.158464615164,0,1,658.8578129416735,old,suv,0
66,48,14799.32292946447,1,0,704.6504953608413,moderate,sedan,0
54,32,9999.705928116302,0,0,539.8100027011287,old,sedan,0
66,46,17448.960059627658,0,0,685.8547713879227,moderate,sedan,0
73,54,16592.379117413122,1,0,653.4661432057185,moderate,sedan,0
34,14,20953.578710765712,1,0,619.6311810323162,new,sedan,0
66,46,19446.488606034836,0,1,767.2603958743007,new,sedan,0
19,0,16405.62667536913,1,0,559.6251282089345,new,suv,0
19,0,13119.7140016452,0,0,677.4902113082221,moderate,sedan,1
45,24,15818.673751560242,0,1,795.4664291385046,new,suv,0
71,53,14555.946151472956,0,1,579.3378244043702,moderate,suv,0
40,22,18813.59013295192,0,0,620.3114017307701,moderate,sedan,0
54,33,18304.925959849872,0,2,850.0,moderate,suv,0
49,27,13814.33822538098,0,0,697.4391065156057,new,sedan,0
50,30,9152.024880692488,0,0,599.3802523357382,new,suv,0
18,0,20333.5492008817,0,0,,moderate,sedan,0
36,16,17327.49582729282,0,1,593.1906448408974,moderate,sedan,0
19,0,13722.039717709324,2,0,493.5084075839929,new,suv,1
70,52,17171.493392414683,0,0,787.236394526517,old,sedan,0
61,43,15299.445225000116,1,3,539.6940735868985,moderate,sedan,0
43,21,20274.471704877895,0,1,,moderate,sedan,0
49,31,7280.879072779893,1,0,601.0667624537795,new,sedan,0
23,2,13411.23613394627,0,0,,old,suv,0
49,27,21396.218061914755,1,1,513.1328931479942,moderate,sedan,0
72,52,17252.79361386925,0,1,752.5493586266252,old,sedan,0
21,3,22090.426673256832,0,0,699.972627298465,moderate,sedan,1
72,53,10112.771627346143,0,0,733.7746225555152,new,sedan,0
28,10,19288.78686375395,1,0,746.8022706676261,moderate,suv,0
73,53,19048.897693815332,0,0,600.2254857718829,moderate,sedan,0
34,12,8273.085858684663,1,0,519.1156157997002,new,suv,0
55,35,13817.990841867664,0,0,644.9082269660782,new,suv,0
41,22,14573.883579223668,0,0,672.3030257585134,old,sedan,0
22,1,8521.775884930377,0,0,602.8155378844496,new,suv,1
69,51,13901.590693918244,0,0,677.7553970159862,moderate,suv,0
51,29,18492.732563114423,2,0,682.962553117474,moderate,sedan,0
23,2,13436.30776190104,0,0,558.9973553456134,moderate,sedan,0
39,19,,0,0,689.4971281690466,new,sedan,0
28,6,15997.481130910608,0,1,623.2787976305355,moderate,sedan,1
65,44,14951.426355444935,0,0,580.0019099796629,new,sedan,0
33,11,12179.271903898285,1,3,728.7375138223993,moderate,suv,1
50,31,17635.25589953559,0,0,572.3008788306456,moderate,suv,0
26,7,8651.864953896034,0,0,604.3332410095273,old,suv,0
23,5,15034.35255403273,0,2,657.2050850186656,new,suv,0
33,15,20541.945362072354,0,1,787.4311620654239,new,suv,0
46,27,13210.507000635138,0,0,669.2784077724298,moderate,suv,0
20,0,12090.715113990891,0,3,702.8288332474667,moderate,sports,0
37,18,17902.06455510151,1,0,620.2357464003504,moderate,sedan,0
53,35,15653.727042348528,0,0,642.1510375623659,old,sedan,0
36,17,17981.78912822773,0,1,645.1122766480406,old,sedan,0
43,24,15153.99394278109,1,0,679.3306236017024,moderate,sedan,0
20,0,5446.830196995283,0,0,620.403242695174,moderate,sedan,0
36,15,19719.653641702796,0,0,783.9999885476209,old,sedan,0
37,19,23280.105529913104,1,0,612.6833761497858,new,sedan,0
49,27,20136.16402734515,0,1,479.2758864794632,moderate,sports,0
24,5,3000.0,0,0,850.0,moderate,sports,0
69,50,16804.352850022267,0,1,617.2631309056248,moderate,suv,0
58,37,13133.016757699816,0,1,781.3169787091348,old,sedan,0
50,32,10663.024985553164,0,1,790.4790841959758,moderate,suv,0
57,39,15490.928646553091,1,0,744.5214312250382,moderate,suv,0
56,36,14404.210820401117,0,2,630.1972780402598,old,sports,1
35,17,17034.631217119364,0,1,678.6684819874342,moderate,suv,0
57,36,15226.320757221816,0,1,522.5489790695073,old,sedan,0
18,0,10516.751572444093,0,0,849.0147773818276,moderate,sedan,0
28,8,12693.592893028115,2,0,564.819400181733,new,sports,1
45,26,12048.165774699935,0,0,624.6099037259124,new,sedan,0
74,55,8134.067293022215,0,0,659.898648704025,moderate,sedan,0
42,24,9513.421424184467,0,0,639.256024516304,moderate,sedan,0
67,47,14155.725320459223,0,0,584.3126717706606,new,sedan,0
40,21,20695.016301229116,1,0,789.4339052054688,old,sports,0
48,27,12857.77168120482,0,0,745.027928348828,old,sedan,0
47,28,11970.276900988842,0,1,682.2047204325693,moderate,sedan,0
59,40,10274.852773308696,1,2,610.0446944003249,old,sports,0
52,32,15122.145979981402,0,1,756.427587184447,old,sedan,0
24,4,19717.037338440503,0,0,603.5531367222435,moderate,suv,0
33,11,23010.73106563437,0,0,,moderate,sedan,0
43,22,16141.597506886748,0,0,661.1220915483427,old,suv,0
65,45,15559.974970545738,0,1,772.9781526972715,moderate,sedan,0
74,56,12826.107570985827,1,0,638.6179673816416,new,suv,0
69,48,13493.733514035956,0,1,657.1533182040945,moderate,sedan,0
66,45,17516.70036420281,1,0,772.5421061458667,moderate,sports,1
19,0,13740.498671747682,0,1,850.0,old,sedan,0
18,0,14350.870211330344,0,1,806.0366817504881,moderate,sedan,1
65,45,14898.610900998303,0,0,737.713461937785,old,suv,0
29,10,12636.687556370096,0,0,708.9283432957596,old,sedan,0
22,0,14700.082963689794,1,0,599.3051309740374,moderate,suv,1
54,35,6922.3754848367935,0,1,679.5229741105433,moderate,suv,0
49,29,17195.34353207385,0,0,558.6950816003268,new,sedan,0
72,52,24407.08735588822,0,2,687.5782133684773,moderate,sedan,0
26,7,12791.825539347734,1,0,694.0050660693573,old,sports,0
58,40,16495.348580006677,0,0,453.9154858531808,moderate,sedan,0
52,34,18406.30528098474,1,0,653.8738609191707,old,sedan,0
36,18,20120.861090869847,1,1,691.4874899089106,moderate,suv,0
65,45,13942.714045039284,0,2,641.6290142860978,moderate,sedan,0
33,12,7786.7309852451235,2,0,685.8048838856571,new,suv,0
20,0,16068.92780339505,0,3,515.8277756643686,moderate,sedan,1
37,16,15514.514762617708,0,0,572.4135694439741,moderate,suv,0
41,22,13617.334501295989,0,1,753.4938163163932,moderate,sedan,0
71,49,14465.951508462636,1,0,650.0571665645776,new,sedan,0
73,52,15574.721780070924,0,0,683.9878981314909,moderate,suv,0
50,32,16447.0479684154,1,1,595.3478839291421,moderate,sedan,0
41,21,16279.238840959672,0,1,651.9494023276857,moderate,sedan,0
69,50,14129.257361995486,3,1,419.7987819864801,moderate,suv,1
28,10,16537.115339943804,1,0,734.6011938420767,moderate,suv,0
66,47,13859.876606900552,0,2,830.793283895247,old,sedan,0
25,3,17568.10200614128,1,0,543.4982450785359,old,sedan,0
53,33,12490.228658093996,1,1,555.9667812490432,moderate,suv,0
55,35,15292.23276859825,0,0,694.0879898237482,moderate,sedan,0
57,35,8505.045671531081,1,1,797.3879290506745,moderate,sports,0
37,17,13520.358122171412,0,0,649.7902682617055,new,sedan,0
52,31,17269.954884519913,0,0,527.0681979187495,moderate,suv,0
65,46,10865.060533167725,1,0,629.1382763362127,new,sedan,0
42,24,13719.598094599665,0,2,547.0067919688207,new,sedan,0
52,30,5379.721800359162,0,1,583.1153707131224,moderate,sedan,0
42,21,9527.703565872043,2,1,619.5958900846683,moderate,sedan,0
46,28,10574.101775544394,0,0,557.0675411758373,new,sedan,0
35,17,15407.004203086555,0,0,572.2094275825435,old,sedan,0
63,41,16333.63604957085,0,1,657.4534000222244,old,suv,0
35,14,14775.777736239212,0,0,671.503581213723,old,sedan,0
19,1,13469.626468450488,0,0,507.60196661790326,moderate,sports,1
71,53,13483.593006605011,2,0,,new,sedan,0
52,31,17864.182996161977,0,1,611.8066136868603,new,suv,0
33,13,15851.279387532211,1,1,722.0261523552609,moderate,suv,1
58,40,13664.21761477855,0,1,728.049752068786,new,sports,1
53,34,20173.197980965037,0,1,595.5458819044951,old,sedan,0
50,29,22799.900163984403,0,2,711.4147694037733,old,suv,0
21,3,10017.030199065319,1,0,566.304396030117,old,sedan,0
50,28,17090.040280842048,0,2,782.376206283529,moderate,sedan,0
31,12,27359.558430745543,0,0,570.0863799143535,moderate,suv,0
38,20,16120.822164200777,1,0,685.2749608625513,old,sedan,0
65,46,15461.770544657105,0,0,631.239085535572,old,sedan,0
37,18,14777.064240425545,4,1,548.3105485762399,moderate,sedan,0
73,53,16960.726069962966,0,0,740.0915761785309,new,sedan,0
25,6,18019.596666199534,0,1,588.5868191133209,new,sedan,1
24,4,10020.93250332327,0,4,479.99278350216935,moderate,suv,1
20,0,14894.065486844685,2,0,361.798663683197,moderate,sedan,1
34,14,5922.008542010362,0,0,562.495530557203,old,suv,0
50,28,14162.733533514,2,0,787.5908419298974,moderate,suv,0
65,47,11389.245624711708,1,1,775.7738467503659,moderate,suv,0
29,8,16356.710316541938,0,2,578.1401597652468,new,suv,1
68,47,8374.477891435898,0,0,612.5545085298621,moderate,suv,0
39,17,12950.730758163621,0,0,603.5086924443978,moderate,sedan,0
72,52,18866.177002082448,0,2,516.6567854550432,moderate,sedan,0
39,21,12294.667394222999,0,0,555.1168128376657,moderate,sports,0
63,43,7380.256890328456,2,0,748.1149519400785,old,sports,0
47,28,16030.132612515938,0,1,700.3887871379401,moderate,suv,0
55,35,12653.884027629456,0,0,677.3088858529889,moderate,sedan,0
55,34,14256.458255708414,0,3,516.4853388339142,old,sedan,0
62,44,12080.52165414963,0,1,660.0703214033978,old,sedan,0
68,48,22897.586977920117,0,0,419.61550305119783,new,suv,0
71,53,8767.709056585947,0,1,734.2802691260533,old,suv,0
25,7,26333.98244757709,0,0,675.8574900737142,new,suv,0
44,25,13437.453876994592,0,1,515.4767547900169,moderate,suv,0
44,25,15733.786304872541,1,1,811.642555749004,new,sedan,0
51,30,12700.814329582065,0,0,470.38353408314185,moderate,suv,0
38,16,12533.465760578183,0,1,,moderate,sedan,0
47,29,11860.680386269467,0,0,705.5171768978662,moderate,suv,0
50,28,17405.03184817454,0,1,526.0329560647519,moderate,sedan,0
45,24,9356.801225491776,2,1,646.2149309189883,moderate,sedan,0
64,46,16456.434176970673,0,1,486.3172157847137,moderate,sedan,0
50,32,6262.029059792765,0,2,365.36256836731866,old,sports,1
22,0,16094.115084567055,1,1,543.2123773068341,moderate,suv,0
65,45,18396.570423728765,0,0,588.3375057738003,moderate,sedan,0
36,17,9901.923570770523,1,1,714.4256180810792,old,suv,1
21,1,17714.970406874974,2,0,656.740808506082,moderate,suv,1
52,30,15205.541642497286,0,0,659.3545459386146,moderate,suv,0
66,47,21393.70582143136,0,1,548.5578376716416,moderate,sedan,0
34,14,11579.17447075564,1,0,596.9988695958614,new,sedan,0
61,42,26263.94361489092,1,3,557.0073390130839,moderate,sedan,0
45,27,5436.87138269905,0,1,527.5025992970192,old,sedan,0
47,27,13681.984797455498,0,0,590.6300573012743,new,suv,0
46,27,8205.721157508267,0,2,657.4512385096334,moderate,sedan,0
63,44,22404.216707399064,0,0,592.7361480575796,moderate,sedan,0
70,51,13953.196024736653,1,0,617.6497330575027,moderate,sedan,0
23,3,,1,1,719.491481091139,moderate,sedan,0
52,31,16772.952392340852,0,1,599.9245581309297,old,sports,0
58,38,14980.77925469085,0,0,,moderate,sports,0
54,32,12624.95377439466,0,2,706.3453521601239,moderate,sedan,0
41,21,9973.410997483807,1,0,676.5849648508284,moderate,suv,0
46,27,15674.053609333718,2,2,682.8659498172315,moderate,sedan,0
66,48,16515.334530757915,2,0,712.583865753571,old,suv,0
63,43,17781.508945606918,0,0,695.6641527307945,old,sedan,0
70,50,22650.90740122609,1,0,652.8728692471304,moderate,sedan,0
48,29,6304.924382344032,1,1,850.0,moderate,suv,0
52,34,14729.131210589181,0,1,521.5031253698046,moderate,suv,0
50,32,19766.951343285713,0,0,591.3582721511442,moderate,sedan,0
69,47,14501.910302244542,0,0,746.7334364678167,old,suv,0
38,18,5647.310185226919,0,0,664.2586292095574,moderate,suv,0
49,31,9835.841700600316,1,0,725.7923034011238,moderate,sedan,0
40,22,16314.279398709277,0,0,666.9756429536872,new,sedan,0
50,29,16168.789179533363,0,1,787.4056551159981,moderate,sedan,0
20,0,17690.078793364082,0,2,549.2489144366755,moderate,suv,1
35,17,11875.964225807264,0,1,784.2459889406709,moderate,sports,0
42,20,16039.53293967719,0,1,767.0996493204267,moderate,suv,0
59,41,11216.5467684147,0,0,528.971088576962,new,suv,0
48,29,16039.831974574765,0,0,713.0665409887673,moderate,suv,0
71,51,15212.84878841416,0,3,645.696006776341,moderate,sedan,0
20,0,11716.559919348383,0,0,589.3417980880936,moderate,sedan,0
57,38,21232.73452305075,0,3,461.13808102822804,moderate,sedan,0
63,41,8177.456199350452,1,0,548.9186328882683,moderate,suv,1
41,22,14433.516067957891,0,1,720.8112140184589,new,suv,0
67,47,11628.37774270276,0,1,731.3841269260557,moderate,sedan,0
49,29,22336.808143425096,0,1,628.9289519423828,moderate,sedan,0
64,43,17393.592030481675,0,1,731.6985143143285,old,suv,0
39,20,12402.758498518442,0,1,744.5260077894137,new,sedan,0
40,19,13881.13884271851,0,2,665.4639958626348,moderate,suv,1
19,0,22445.029495922114,0,1,577.7666376149796,moderate,sedan,1
44,23,11214.897473079878,0,0,694.1054112815644,old,suv,0
59,39,7942.207311077766,2,0,698.6984707658863,old,suv,0
19,0,16164.027449855257,0,1,717.3944390350309,old,sedan,1
43,22,16254.56146963128,2,0,736.5403270002239,moderate,suv,0
34,15,17664.13829355944,1,2,513.7835428078779,moderate,sedan,1
57,38,17690.50304348781,0,2,599.0070754634257,old,sedan,0
50,30,22082.822602935197,0,1,460.1378654312181,old,sedan,0
26,7,8127.4500384958565,0,1,724.6996038355347,old,suv,0
60,42,10188.787221418668,0,1,628.7688552019583,moderate,sedan,0
71,49,17648.81333578475,0,1,693.0814070697415,moderate,sedan,0
65,44,10577.497993142239,1,0,502.43212518098414,moderate,suv,0
56,34,9173.648106962544,0,0,790.0980849693051,moderate,sedan,0
46,26,22463.378209141083,0,1,530.5660835380725,old,sedan,1
59,38,8520.23147334285,0,0,727.4563304382459,old,sedan,0
72,51,13594.911851557417,0,0,661.7950170892542,moderate,suv,0
43,25,14762.530195074381,1,1,631.055722247382,moderate,sports,0
52,32,20236.54656785311,0,1,622.9839893387826,old,sedan,0
67,48,7524.787766870118,1,0,586.193699068387,new,suv,0
42,24,16661.900606024996,1,1,779.5196176900769,new,sedan,0
41,23,11438.491766959689,0,0,651.2612834352243,moderate,suv,0
30,8,17510.4448503698,0,0,523.077846964678,new,sedan,0
24,2,11372.769095892563,0,0,611.603979796516,moderate,sedan,0
74,52,21289.225024743107,0,1,662.8339027202938,moderate,suv,0
53,35,11396.11992629498,1,1,739.7805281445326,new,sedan,0
62,43,5152.081176440333,0,0,589.5380279482793,moderate,sedan,0
37,16,11844.603001034795,1,0,596.2223444195453,moderate,sports,1
18,0,13954.79955772442,0,1,652.3432127147405,moderate,sports,1
25,6,19329.415492649234,0,0,737.3424819947326,new,sedan,0
63,43,9966.340677740318,1,1,513.124546440397,old,suv,0
33,11,10045.415491543697,0,1,700.5354630991745,moderate,suv,0
31,10,18842.311614835937,1,0,603.5937469871344,moderate,sedan,1
29,9,9499.099528151175,0,2,617.5567418251513,moderate,sports,0
68,48,14284.066234433236,0,1,850.0,moderate,suv,0
40,19,14365.395266123951,0,1,630.3530775448475,moderate,suv,0
32,10,15870.31814537185,1,1,725.469375030858,moderate,sedan,0
45,27,12000.607158469598,0,0,721.8913837203348,old,sedan,0
51,30,11292.022453301748,0,0,531.9976085901493,old,sedan,0
19,0,16339.577767009168,0,0,465.46056747770956,moderate,sedan,1
49,28,11416.016587320857,0,0,732.098209241691,new,sedan,0
40,20,9560.123239523302,0,0,541.6453807551482,moderate,sedan,0
39,20,19911.199951406743,1,1,483.5817045428973,new,sedan,0
68,50,16952.38152551673,0,1,752.6162214844198,moderate,sedan,0
42,20,22070.00958306136,0,4,,moderate,sedan,0
39,17,18135.870604867785,1,2,572.7482524315606,old,sedan,0
39,20,9927.425393474006,1,0,847.4373155089295,old,sedan,0
66,45,15385.476960239983,1,0,484.0264638618429,moderate,suv,0
69,51,10937.486981127016,1,1,524.3713958593074,moderate,sedan,0
59,37,,0,1,604.030185752608,moderate,sports,0
23,1,13211.202427720065,1,1,625.9743160165577,new,suv,0
32,11,18926.131501196483,0,1,,old,suv,0
71,52,16099.650843150028,1,0,534.1344902677083,moderate,sports,0
60,42,9436.423474964915,1,0,800.9994324431931,new,sedan,0
54,35,13070.633699149053,0,0,676.2986124104716,old,sedan,0
50,31,14428.533658632081,1,0,708.5168744209188,new,sedan,0
25,7,8243.55018411662,1,1,636.2774823441464,new,sedan,1
70,52,17852.68946099445,1,1,678.9454948859136,moderate,sedan,0
61,39,14085.059894964994,0,0,743.290166110959,moderate,suv,0
61,39,9437.62055627177,1,1,550.3700985454665,moderate,sedan,0
22,4,9211.30562503573,1,0,676.4835996517982,moderate,sports,1
56,36,19402.655779686444,2,0,719.604231340789,new,suv,0
21,0,13476.747871417123,0,0,804.4797346384261,moderate,suv,0
23,3,19761.408115825645,0,0,844.7890979801762,moderate,sedan,0
62,44,21288.62191961086,0,0,656.9859796981762,old,suv,0
49,27,19089.793091423697,0,0,763.8638949687135,new,sedan,0
69,50,12866.273013530037,0,1,382.9832066628453,moderate,sedan,0
47,29,5008.611521730878,0,0,805.2282909376714,old,suv,0
64,43,16251.985218139314,0,2,577.4116338279197,old,sedan,0
52,32,23366.30547911419,0,1,,old,sedan,0
72,54,14858.439687304699,1,0,694.1104484367021,new,suv,0
57,39,7040.737924803411,0,2,634.6557632684486,moderate,sedan,0
69,47,12300.48601427953,1,1,669.6453379568135,moderate,suv,0
33,11,14265.066900932781,1,0,808.7692968226144,old,suv,1
30,8,10608.04573032081,0,0,611.5779954654029,new,sedan,0
67,46,4744.184128080444,1,0,541.3076183499446,new,suv,0
59,37,14608.5969191395,0,1,831.3463857298551,moderate,sports,0
47,29,11860.495014569493,1,1,702.6764217004677,new,sedan,0
36,14,22090.76664359966,0,0,842.2238975313463,moderate,sedan,0
34,15,15404.133951931184,0,1,736.3629910578904,old,suv,0
73,51,16878.315587593566,0,0,517.6405607986563,moderate,suv,0
36,15,14523.655426015763,0,0,714.5384671756881,moderate,suv,0
45,26,15374.933212695414,1,1,551.6051934117445,old,sedan,0
72,54,8390.802846551425,0,0,650.7431802439667,new,sedan,0
43,25,10839.334779114843,0,1,642.4285596392242,moderate,sports,0
54,34,19354.45880527741,3,0,488.2336195366944,moderate,sedan,0
43,24,15837.847878920787,2,0,568.7189510438213,new,suv,0
70,50,13405.972328469945,0,1,850.0,new,suv,0
40,21,16944.684965863496,0,1,673.8377404841165,moderate,sedan,0
26,7,17023.447639362374,0,0,632.4403865337048,old,suv,1
29,8,22963.578531776828,0,0,831.2890219940925,old,sedan,0
70,50,15652.26537554231,0,0,610.3764689930831,moderate,sports,0
18,0,10749.969697958797,0,1,640.857963803088,new,sedan,0
18,0,14537.214068337329,1,1,749.080285612285,new,sedan,1
64,46,17430.262508485506,1,0,609.9264201383651,moderate,suv,0
51,32,18982.63604571481,3,0,575.3479260647499,new,suv,1
49,28,8539.872511488484,0,3,424.6243584639283,new,sedan,0
71,51,16014.826877967253,0,1,556.3501686617238,moderate,sedan,0
65,45,11410.980290007534,2,2,555.3972254010387,moderate,sedan,0
42,21,12733.472301522232,0,0,665.856669546861,moderate,sedan,0
57,37,18383.358496973568,0,1,588.9541734272224,old,suv,0
62,40,17984.994157727597,0,0,850.0,old,sedan,0
70,52,,0,2,544.2371069765194,moderate,suv,0
18,0,14368.631915839667,0,0,790.0646686857406,new,suv,0
33,15,12855.672819516587,0,1,671.9752955127549,old,sports,0
56,36,26566.81195982707,1,0,730.6774035712389,moderate,suv,0
22,2,16113.43266578145,0,1,724.6019594735869,new,sedan,0
39,20,11642.07363490884,1,1,428.17644696875834,moderate,sedan,1
46,27,20288.668584884505,0,2,648.8447321023443,moderate,sports,1
72,54,20429.845462733196,0,2,623.7771862766168,moderate,suv,0
20,0,22166.68284209414,0,1,536.7021905308733,moderate,sedan,0
29,10,23351.974730040376,0,0,695.9626037215868,moderate,sports,0
43,24,17830.859531464514,0,1,821.6540315877471,moderate,suv,0
33,13,13600.593024887488,0,1,382.6996356115934,moderate,sports,1
68,46,14189.532929582721,0,0,596.5530324158279,new,suv,0
54,36,13831.698793573827,0,0,525.4233835886378,new,suv,0
39,20,13384.978531283894,1,1,657.1777826237693,moderate,suv,0
74,52,19959.747229154364,1,1,617.4378716850003,moderate,sedan,0
46,24,15002.883627743904,0,0,589.4322787242822,moderate,sports,0
31,13,18885.687459264824,1,0,718.9506828329058,moderate,sedan,0
45,23,17706.06621912396,0,1,813.6181301057098,new,sedan,0
22,0,10605.380147511665,0,1,850.0,moderate,suv,1
64,42,8131.293320550865,0,0,576.0370951531412,old,suv,0
66,47,10053.34813325974,2,0,467.9124448181931,new,suv,0
47,29,13293.174529076845,0,2,705.919643407834,moderate,sedan,0
63,41,15537.3124010715,0,1,811.0484735323204,old,sedan,0
69,47,12406.798690622461,3,0,731.3689967040729,new,sedan,0
22,3,17812.260586964407,1,0,810.6347039530311,old,sedan,0
29,11,12889.259222332163,0,1,627.451332939788,moderate,suv,0
33,13,16027.829752735777,1,0,589.0425560226872,moderate,sedan,0
43,24,15470.326722647545,1,0,661.5435907401312,new,sedan,0
43,25,21937.732367149547,1,0,616.9446812633112,moderate,sedan,0
65,43,11099.036299598909,0,0,716.3094021340344,moderate,suv,0
38,20,23833.67636461882,0,0,746.976777800349,moderate,sedan,0
56,38,12622.600589041582,0,0,754.8083664571886,old,suv,0
53,35,9639.772438556764,0,1,701.059267080439,moderate,sedan,0
50,30,14132.340038293849,0,0,674.58223266753,moderate,sedan,0
47,29,27960.55659454723,0,0,729.4426689250848,new,suv,0
54,34,18580.8209400745,0,1,453.7008092347279,new,sedan,0
40,18,17411.856413765046,0,0,671.0570752333942,old,suv,0
27,7,18180.74744656608,0,2,655.2478057170451,new,suv,0
71,49,11921.626141990771,2,0,671.3080395971555,moderate,suv,0
22,0,16304.177505463436,0,0,641.2376453745769,moderate,suv,0
53,33,15010.00920126849,1,1,693.1855493461616,old,suv,0
51,32,22236.26699457764,0,1,592.5397078465985,moderate,suv,0
69,48,14565.24913365339,0,0,762.952342945363,old,sedan,0
48,30,13486.893821690366,0,1,,moderate,sedan,1
27,6,10340.802410523509,0,0,665.068585788386,old,sports,1
36,18,15560.05794750246,0,0,580.248342936388,new,sports,1
49,31,16171.80733407534,0,0,731.5316885207906,moderate,sedan,0
18,0,10193.64724743793,0,1,670.6659698494491,new,sedan,1
73,55,16812.6544162423,0,1,574.4516606463084,moderate,sedan,0
22,4,15932.718095179434,0,0,644.3338457586761,moderate,suv,0
62,42,19053.783039535057,0,3,712.908261924124,new,sedan,0
21,0,19849.472471607613,0,0,705.1573538819825,new,suv,0
33,13,15377.117174457117,1,2,698.7008967808155,moderate,sports,0
41,23,10854.540463471618,0,0,659.2531391741077,new,sports,0
33,11,11677.51367782142,0,1,752.5819533301897,moderate,sedan,0
72,52,22048.510652316363,1,0,773.779650381161,new,sports,0
19,0,15661.95757249024,0,0,723.732261567554,moderate,suv,0
66,47,21984.61511820423,1,1,591.2548725144293,moderate,sedan,0
45,27,16994.41927394892,1,0,544.1938282709482,moderate,sedan,0
49,27,18014.942548713792,3,2,595.6060233028406,moderate,suv,0
44,24,18754.89446495264,0,0,845.3656747976723,moderate,sports,0
37,17,10107.444742362306,1,1,678.1695913827353,old,sedan,0
41,19,16227.803000450105,1,0,850.0,moderate,sedan,1
29,11,,1,0,637.9801656412563,moderate,sedan,0
67,48,13860.35060849014,0,1,624.1186329507078,moderate,sports,0
52,32,17560.678544492202,0,0,642.5943463355926,new,sports,0
50,31,10898.66443787019,0,0,640.7825919946697,old,sedan,0
50,29,17237.349298110687,1,0,572.6349088132275,old,sedan,0
68,50,9006.524058136656,0,2,535.1151731833323,moderate,sports,0
60,39,19573.279295846274,0,0,700.1336627180863,old,suv,0
54,33,12342.25127157861,0,0,755.4900717597363,new,sports,0
29,8,10891.530303124866,0,1,850.0,moderate,suv,1
20,2,9258.576336035676,0,0,606.6287093308978,old,sedan,0
18,0,12682.584668649364,0,0,614.7344513135924,moderate,suv,0
50,28,7369.552772172802,2,0,572.8770705548983,new,sedan,0
57,38,12806.403443566682,0,0,762.5727429373567,moderate,suv,0
27,8,19397.948101332324,0,0,731.4987454796265,new,suv,0
60,38,14245.153601040663,1,0,562.3065418125474,old,sports,0
61,39,10289.925536373437,0,0,559.7801913027057,new,sports,0
46,25,15905.053266275232,0,1,745.2514758595897,moderate,sedan,0
30,8,15551.583103499626,1,0,688.3196151208408,moderate,sedan,1
29,9,22826.439850342867,0,2,,new,sedan,1
48,29,18162.884074161622,2,1,561.7231521661087,old,suv,0
63,41,16222.39250869138,0,2,462.22751360897934,moderate,suv,0
19,0,18620.26619343819,2,0,562.503498331983,moderate,sports,1
68,48,14462.47572727975,1,0,718.7766730011227,moderate,suv,0
67,47,14698.347276375202,0,1,850.0,moderate,sedan,0
52,32,21635.761213726262,0,1,607.0536010472392,old,sedan,0
40,19,8457.683892735007,1,0,850.0,moderate,sedan,0
34,14,18871.782052563758,0,1,732.9819767491688,moderate,suv,0
43,22,14556.834097248897,0,0,510.6967698291174,new,sports,0
25,4,13834.042314986593,1,0,671.4033837811032,old,sedan,0
46,26,12788.416265225149,1,1,736.3974278411861,moderate,suv,0
43,24,15614.696082256753,0,1,,moderate,sedan,0
27,7,14825.882133981335,0,2,714.4451157913381,moderate,sedan,0
43,23,13341.190453092131,0,0,767.2721179823112,moderate,suv,0
51,31,12189.369019533397,0,0,689.8868124131143,old,sedan,0
68,49,7378.678190196259,0,1,643.8278789318576,moderate,sports,0
58,40,12104.78502259332,0,0,632.7073416998593,old,sedan,0
24,6,12950.819414956113,1,0,626.8677672308178,moderate,sedan,1
21,0,15604.924288667367,0,1,532.4020196232891,moderate,suv,0
70,49,22852.343538726018,0,0,581.2476168095033,old,sports,0
67,48,12536.175225946325,0,0,,new,suv,0
62,40,10905.07658501132,0,0,661.3494346225742,moderate,sedan,0
28,10,12142.015634787609,1,0,594.3185242342934,moderate,sedan,0
46,25,15613.379070408459,1,0,563.087075750207,old,sedan,0
73,55,17354.54183918509,0,2,725.9770859125845,new,sedan,0
53,34,17913.380852278173,0,0,687.0613971947855,new,sports,0
42,23,18310.831992937066,0,1,596.0770463210433,new,sedan,0
38,16,18876.922350447898,0,0,700.6278471487587,moderate,sedan,0
74,52,13884.46545010732,0,2,604.6842106314065,moderate,suv,0
53,34,23212.56073496483,0,2,656.306502948812,moderate,suv,0
27,6,13580.925915364944,1,1,747.5044054722866,old,sedan,1
54,36,15437.362305363637,0,0,589.6258906833737,moderate,sedan,0
26,6,20183.308287090767,0,0,532.7588392166257,new,sedan,0
41,19,,1,1,635.4865416978658,old,sedan,0
52,32,,0,0,513.6534983814538,moderate,sedan,0
66,45,15022.543321187411,1,0,622.2551490649024,new,suv,0
52,30,18447.859024345948,0,0,621.9362520686543,moderate,sedan,0
65,45,9626.118881881768,0,2,403.6315876094437,old,sedan,0
53,32,18002.771180515945,0,2,703.063516374451,moderate,sedan,0
35,17,16560.615760053814,0,1,631.731023331868,moderate,sports,1
66,45,19735.681935405493,0,0,768.1896452771936,new,suv,0
56,34,12232.274710645437,0,0,671.5531979794082,old,suv,0
49,30,18983.57366235698,0,1,723.5608570315549,moderate,sedan,0
41,23,15638.432989603327,0,1,769.0038753207043,old,suv,0
40,20,22064.20121620915,1,0,636.8282917229254,moderate,sedan,0
49,27,26144.199751253298,0,0,649.9176811136098,moderate,sedan,0
54,35,21153.32175621021,1,0,492.64567766097684,new,suv,0
29,8,16922.0747124329,1,0,773.9537745234242,new,suv,0
66,47,24284.01598424722,1,1,635.4302600278445,new,sports,0
72,50,17413.912166671937,0,1,549.4269449652019,new,suv,0
30,8,11368.217145909535,0,1,723.9722486487427,moderate,sedan,0
40,21,14842.906772193699,1,2,432.02188080357485,moderate,sedan,1
42,21,18046.688745180007,0,0,607.0725777126822,moderate,sedan,0
52,33,18303.816622480255,0,2,740.8311041211841,moderate,sedan,0
58,36,10498.940440769362,0,0,606.2278148034095,old,suv,0
47,25,10625.870854161309,1,0,578.2078049051419,old,suv,0
34,14,13634.760615160607,0,1,608.384520288705,new,sports,0
66,46,17138.174453824762,1,0,449.0070735531426,moderate,suv,0
37,19,17650.250199519676,1,1,721.5478431783033,new,suv,0
65,43,15565.220496419242,2,0,637.7113958023087,new,sedan,0
42,22,11662.285065929409,0,0,622.7675390005238,moderate,sedan,0
39,20,21947.771772077213,0,0,623.1331383590958,moderate,suv,0
30,9,10711.767752627842,0,0,651.4079798464584,old,sports,0
36,17,20209.362979415047,0,0,715.3437370672067,moderate,sedan,0
66,45,17955.29313380146,0,0,644.7936458800751,new,suv,0
53,33,20121.329215486912,1,1,513.8363451820187,old,suv,0
29,11,13222.266828308333,0,0,707.5516121544067,new,sports,0
58,39,14429.383207643183,0,0,699.8569691004226,new,sedan,0
36,17,15220.170229124175,0,1,670.552699821646,moderate,suv,0
29,10,13094.40895759394,1,0,757.5241306961319,old,sedan,0
26,5,15901.033813980393,0,1,653.0378676412959,moderate,suv,0
24,4,21316.35782428483,0,0,761.1376088989256,moderate,sedan,0
45,26,9812.664611328108,0,1,790.7211021478397,old,sedan,0
31,12,,0,1,708.2312885524483,moderate,suv,0
48,30,11937.018725174974,1,1,575.2066378122063,old,sedan,0
69,51,14622.326951455809,0,1,636.9214281497559,moderate,suv,0
36,16,14457.894924084516,0,0,773.8856034058374,old,suv,0
64,44,18089.258337762825,1,1,500.23721339304933,old,suv,0
33,11,15134.892411685501,0,0,610.8046331821391,moderate,sedan,0
70,52,16211.53310687721,0,0,615.7035163553256,moderate,sedan,0
22,0,16593.792182048004,2,1,563.4789399646266,old,sedan,1
52,31,15981.616244823246,1,3,737.2878949918786,moderate,sedan,0
29,7,17813.25224583037,0,1,687.6815071040777,moderate,suv,0
42,23,14510.706471469019,2,2,578.8941643399507,old,sedan,1
69,47,21585.47358429999,0,1,710.551292023584,moderate,sedan,0
38,18,25166.47938687517,1,0,634.1583765331782,new,sedan,0
53,32,17824.92389906828,1,0,560.9805426777657,moderate,sedan,0
70,51,15911.964654836243,0,4,578.7081589757133,moderate,sports,0
40,18,17498.329237268976,0,1,693.605107477594,new,sports,1
33,12,10595.867656465423,0,1,743.9009878521839,moderate,suv,0
74,53,15720.42186986166,0,0,601.3231767045214,old,sedan,0
56,37,12074.701572205566,0,0,,new,sports,0
62,40,17039.90766896132,2,0,808.1754157577483,new,sports,0
70,49,12094.562768091411,0,1,524.1129443629748,old,suv,0
59,38,13620.890218564415,0,0,685.5669872838623,moderate,suv,0
56,38,7512.116377907791,0,1,733.0655691295408,new,sedan,0
31,10,10307.017240209329,0,0,640.485018340117,old,sedan,0
48,30,16419.495211744186,0,1,773.8283210855647,moderate,suv,0
22,0,11524.615686726278,0,1,850.0,moderate,suv,0
52,30,19255.095935142308,0,0,684.3355348386303,moderate,sedan,0
40,18,11184.44364634675,0,1,626.6410267722001,new,sedan,0
46,26,16813.018005143083,1,2,747.6982807661957,old,suv,1
60,38,11952.497484112966,4,0,734.2068860377901,moderate,suv,0
28,7,16541.879100134105,0,0,398.11690450818156,moderate,suv,0
35,16,8860.850683619443,0,0,649.7264443908887,old,suv,0
64,46,13187.268097481767,2,0,610.5400533260886,new,sedan,0
29,9,11615.14685884906,0,1,689.6705691513916,new,sedan,0
26,4,18532.93030123592,1,0,630.634171970621,new,suv,1
27,5,16849.049857816815,0,0,641.4823907728999,new,suv,0
61,42,10069.69578153807,1,0,563.6787240538919,moderate,sedan,0
34,15,14187.277053516478,1,1,723.4529218424487,moderate,sedan,0
55,35,11910.728629108662,1,0,815.5042221468732,new,suv,0
24,6,18801.02877547417,2,0,,new,sedan,1
63,41,20086.096590615754,0,1,510.29449768530264,new,suv,0
30,10,9233.419413956748,1,1,652.0003219827464,old,suv,0
57,36,18306.811897525924,0,2,647.1344338964736,moderate,suv,0
59,38,11706.815722969162,0,2,767.093278612036,moderate,suv,0
26,6,13988.332909122724,1,0,527.0805047621468,moderate,sedan,1
67,45,,1,1,596.2044824975902,moderate,suv,0
44,24,22266.42465422189,0,1,435.22967607331475,new,sedan,0
19,0,10984.601091876459,1,1,787.4983636211823,old,suv,0
22,3,18338.99889057321,1,1,675.0544628323364,old,suv,0
46,26,10313.982367321529,0,1,603.6567086019204,moderate,sedan,0
54,32,10037.625660637063,0,0,517.7728521408824,moderate,sedan,0
55,35,15113.85379367662,0,1,526.9523941822749,moderate,sedan,0
36,16,,0,0,691.4266899791392,moderate,suv,0
25,3,3670.7267261229863,0,0,539.257495439929,new,sedan,0
65,43,19638.38515750199,0,2,660.4005423148569,moderate,suv,0
62,44,6443.543502276596,0,0,850.0,new,suv,0
18,0,14416.250255546795,0,0,615.241237705518,new,suv,0
39,18,20310.461806421223,1,0,553.8555556025622,moderate,suv,0
69,49,23836.735866754716,1,0,688.2007205452763,old,sedan,0
34,14,13547.800545245682,1,0,527.4208259218273,old,sports,1
24,2,9268.203665531648,0,0,821.9984530329403,new,sedan,0
42,22,20162.19290307183,1,0,790.3619668528336,new,sedan,0
62,42,18460.62620048105,1,0,633.5828381046356,moderate,sedan,0
21,0,13044.030841686099,0,3,560.270681857578,old,suv,1
53,31,,1,0,607.4230127224639,old,sedan,0
23,3,12130.431345362274,0,1,620.4334387914572,old,suv,0
48,29,13621.653857061467,0,1,688.3567131707065,moderate,sedan,0
36,18,16264.272569606524,1,2,753.9632329301116,new,suv,0
61,40,12735.941669052914,1,1,546.348736924141,new,suv,0
71,51,13241.678897751039,0,1,751.0909565342745,new,suv,0
56,37,17565.116077642302,1,1,711.7685612811298,moderate,sports,0
44,24,9070.34343576451,0,0,599.2210509193394,new,suv,0
27,7,13496.257120345683,0,1,541.328810432299,moderate,sedan,0
43,21,8296.235923603594,0,1,661.6232717292568,moderate,sedan,1
36,14,15433.649893411606,0,2,,new,suv,1
56,34,7242.378367432501,0,0,752.3680849162606,old,sedan,0
20,1,18560.04050730572,0,0,537.6117227867795,moderate,sedan,0
62,42,9741.450416831978,0,1,704.7706193163144,old,sedan,0
30,12,7909.6857385541825,0,0,641.9383635184918,old,suv,0
67,46,13545.54681639353,0,1,593.9375115624799,new,sedan,0
45,23,21844.4291667082,0,0,639.7168493680709,moderate,sedan,0
37,15,17844.769813686304,0,0,757.9983169634202,new,sedan,0
45,25,7310.743578184138,0,0,530.7742591006211,old,suv,0
25,5,9627.498929421836,0,1,608.7843444808183,moderate,suv,0
58,39,13417.598507017172,1,1,574.8256435312812,old,suv,0
56,37,23953.412647083445,0,0,646.1382866451286,new,sedan,0
18,0,11244.183408124529,0,1,581.5319107487346,moderate,sports,1
20,0,11276.459025187221,1,1,473.19187576133857,old,sedan,1
30,12,21109.717547520726,0,0,544.4862453067637,moderate,suv,0
45,24,15779.628821049502,0,1,813.7755018538112,new,sports,0
74,54,19212.000109194967,0,0,674.6728211286272,moderate,sports,0
66,46,12091.601839296141,0,0,671.2362053808077,new,suv,0
42,23,14593.456609083789,2,1,621.7387609991362,new,sports,1
73,52,20262.52744875298,0,1,644.8374575890831,moderate,suv,0
50,28,,0,0,607.018807716862,moderate,sedan,0
55,35,19492.212790105852,0,0,702.6928531041065,old,sedan,0
70,48,16549.069201738123,0,2,660.0808854259373,moderate,suv,0
23,3,10841.483686324325,0,1,532.8731789841385,moderate,suv,0
61,39,14934.73115061591,0,2,675.3724503104193,new,sedan,0
62,41,18925.535969100132,0,1,404.1258076728449,new,suv,0
49,30,17677.66476474754,0,1,691.3859199677786,new,sedan,0
62,41,14838.988406316686,1,0,509.06431431634786,new,sedan,0
64,46,7433.142444114002,1,1,640.3944913829924,moderate,sedan,0
38,19,7816.034074361135,0,0,530.537239680381,moderate,sports,1
33,12,8666.777641491535,0,0,650.2823199533098,old,suv,0
71,53,12958.231172933796,0,0,707.8278519276222,moderate,suv,0
38,18,13491.528505226208,0,0,800.282708524958,new,suv,0
28,8,9098.354395623908,2,1,,new,suv,1
54,32,19090.051174784065,0,1,747.5472955671135,old,sports,0
53,34,9944.92369111783,0,0,663.1152705377472,moderate,sedan,0
52,32,9517.763831731962,0,0,604.9332847175376,old,suv,0
36,17,15352.943015543795,0,0,725.985650505946,new,sedan,0
37,17,18895.620479972913,0,1,626.4075148914793,new,sports,0
74,52,23219.418479252665,0,0,721.753051640068,new,sports,0
35,14,17330.18021801271,0,0,550.7730286872005,old,suv,0
64,42,21319.318874894478,0,1,586.7002967703708,new,sedan,0
58,40,10151.773393093754,0,0,744.36000527946,moderate,sedan,0
66,46,23638.957042643997,0,1,798.5400523570422,moderate,sedan,0
31,13,7554.0621977780465,1,2,646.4968100847151,moderate,sedan,1
32,14,12984.642984449278,3,0,371.27110746442196,new,suv,1
48,29,17242.6100783151,0,1,630.0950717391545,moderate,sedan,0
18,0,8579.131937216225,1,2,653.242611782243,new,sports,1
70,52,11291.799632298666,0,1,626.7226623306827,old,sedan,0
71,50,10656.309882841462,3,0,683.6338561665531,new,sports,0
71,53,13759.115971001062,1,1,602.3090072402678,new,suv,0
20,0,20686.331426690696,1,1,733.8870860678028,moderate,sedan,0
33,14,15067.300265151243,2,1,533.3286727268958,old,sedan,1
40,22,13147.74422306393,1,1,773.684870735414,moderate,sports,0
74,52,3462.702531287194,0,2,805.0078823961093,moderate,suv,0
28,9,16867.020819354315,1,5,558.6940261939692,new,sedan,1
29,8,18160.061635912716,0,0,558.6400174396937,new,sedan,0
27,8,8199.920928759155,0,0,691.0695313777528,moderate,suv,0
49,31,14732.110561109914,2,1,531.2779590257111,new,sedan,0
33,13,15772.032761328188,0,1,600.739712889768,moderate,sedan,0
25,5,18858.407029214774,0,0,760.2526956456014,old,suv,0
55,34,12100.926167018104,0,2,723.7606764476963,old,suv,0
29,8,11498.558555660811,0,2,848.019634168959,new,sedan,0
41,21,13174.010806126553,1,0,667.0784147600208,moderate,sports,1
45,24,20137.748211109534,0,0,588.9161997721815,old,suv,0
70,51,19175.38176869068,0,0,655.1243511653021,old,suv,0
25,3,14914.618791310346,0,0,634.9411660591365,new,sedan,1
45,23,19079.106108753153,1,0,636.3442890796864,moderate,sedan,0
53,34,5525.235172591365,1,0,647.6196291904267,old,sedan,0
43,21,18166.6168243741,0,1,556.8233291153764,moderate,sedan,0
25,7,10524.935348744613,0,1,678.2217754970643,old,sports,1
67,48,22068.097977583446,0,2,509.1336732241409,moderate,sports,0
45,24,10743.021152267103,1,3,578.3173392091885,new,suv,1
45,26,11588.951339065421,0,0,638.1121236860182,new,suv,0
54,34,17249.694920524715,0,0,424.04466873444085,new,suv,0
58,37,,0,0,726.8991536344918,new,suv,0
53,33,13214.67168493126,1,0,444.68454901524944,old,sedan,0
44,23,16485.616137692123,0,0,716.9587690898178,moderate,suv,1
71,49,16981.519261313948,1,1,520.7190710071837,moderate,suv,0
34,15,16572.458624232135,0,2,609.5081309296501,moderate,sedan,0
26,8,13381.780329766416,0,0,701.9130646949429,moderate,sedan,1
50,29,17020.84409634276,0,0,850.0,new,sedan,0
70,49,20625.481620065977,1,2,661.645197770735,old,suv,0
37,17,10098.046083124693,1,2,451.7373671800492,moderate,sedan,0
30,8,11639.759857832776,1,1,745.3695132635773,moderate,suv,0
45,25,15109.022529442318,1,0,626.8081595140982,old,sedan,0
65,45,10775.103837327868,0,1,656.9906654458823,moderate,sedan,0
46,24,7786.385063090957,1,0,705.7863029887615,old,suv,0
30,12,19372.491903527825,0,0,427.46220430942856,old,suv,0
63,43,6084.846935895001,0,2,650.6536847735196,new,sedan,0
52,32,13390.469209902658,0,0,609.0306110047304,new,suv,1
23,2,18035.777279034683,2,0,772.1834906005519,old,sedan,0
35,13,16066.799158008289,2,1,722.7113763338743,moderate,suv,1
68,49,13451.00253608419,1,2,487.29980772184524,new,suv,0
22,4,10610.241693860164,0,0,776.2625852349048,moderate,sedan,0
64,46,16375.471252591748,0,0,694.9525088160211,moderate,suv,0
42,20,11046.422246132508,0,0,495.2758402546782,old,sedan,0
19,0,16063.730345273048,0,1,655.5753103492773,old,sedan,0
27,6,15563.670592939026,0,1,753.4826113855855,old,sedan,0
73,51,15604.131636220543,1,1,528.5956127426606,old,sedan,0
47,26,12438.724963282337,0,0,787.7577335845417,new,suv,0
67,49,23140.036437339157,1,1,498.7371225872474,moderate,suv,1
62,44,16432.826535481498,0,2,570.8772823353015,new,suv,0
22,3,13885.164303121412,2,0,555.7129164610308,new,sedan,0
72,50,16057.082292247218,0,0,787.6933731588662,old,suv,0
73,53,11902.15342430276,1,0,600.8983863450803,moderate,sedan,0
50,30,13454.782006088375,0,0,533.7182997339003,old,suv,0
71,52,24567.67972847807,0,2,694.5210878914062,new,suv,0
18,0,11930.476774230767,0,2,716.1180990592719,old,sedan,0
35,14,14688.909198942336,1,0,716.7536094794132,new,sports,1
49,30,13175.580601000936,2,0,622.866083477399,new,suv,0
64,45,10841.464228700883,0,1,675.4534301036948,moderate,suv,0
66,46,16684.339960879224,1,1,584.9766913770715,moderate,suv,0
28,7,15145.888706616835,0,1,817.4801677935731,moderate,suv,0
38,19,18644.10923599971,1,2,,old,sports,1
43,24,18242.31168132002,0,2,758.2956829040675,moderate,suv,0
42,21,18602.830876167984,2,0,729.4115934573546,moderate,sedan,1
39,17,11327.186508596025,1,0,701.9733305995002,new,suv,0
44,23,17563.843196812384,0,2,525.5637515850212,moderate,sedan,0
66,46,17661.086025160377,2,1,713.3301236255649,moderate,sports,0
30,8,10915.748007172577,0,1,661.426523006332,moderate,sports,0
50,32,13725.535031091042,0,0,776.336408495092,moderate,suv,0
51,30,9175.551614084128,0,0,730.7419182382428,old,suv,0
58,38,17678.490529521136,0,0,705.0380470153021,new,sports,0
52,30,17660.089877775896,0,0,481.57752024698436,moderate,sedan,0
18,0,20721.451196473423,0,0,641.0999463391529,moderate,suv,0
38,19,14084.805968742618,0,0,594.2107740096344,new,sedan,0
65,44,16805.878346255184,0,0,675.2365924183074,old,suv,0
72,54,18950.940404101235,1,1,608.4451728557357,moderate,sedan,0
23,2,11984.433885781233,0,0,622.4054223906694,moderate,suv,1
45,23,11376.139434729203,1,2,695.9033904906704,moderate,sedan,0
34,12,12108.45919569534,0,0,606.7861886431224,old,sedan,0
22,1,13602.818127179115,0,2,662.1591539574013,moderate,sedan,1
48,26,11517.782577415386,1,1,498.05881091256936,moderate,sedan,1
22,3,12280.689160155105,1,0,566.7598523239941,new,sedan,1
55,34,18523.660676132982,0,0,715.604356720296,new,suv,0
20,1,14614.61347402283,0,1,526.9807883303525,new,suv,1
70,51,16226.793494637743,2,0,774.5725077602997,old,sedan,0
40,20,12797.1328475257,0,0,747.4399355301321,moderate,suv,0
54,33,12534.53828327064,0,0,623.1770064660213,old,suv,0
70,48,16142.22355816159,0,0,850.0,new,sedan,0
54,35,15504.24931201362,1,1,774.3103577848293,moderate,sedan,0
27,7,18111.946713232275,1,1,555.0720493294265,old,suv,1
27,6,20206.37199201597,2,0,724.6174053700048,new,sedan,1
36,15,12234.351182894381,0,0,656.5863066319757,moderate,sedan,0
34,16,18444.738151055124,0,0,,old,sports,0
38,20,10680.775329227348,0,0,543.0090856833791,old,suv,1
31,12,23295.114731213136,0,1,749.4893334888379,old,sedan,0
26,8,11854.783787446686,0,0,,old,suv,0
63,44,17762.522279027038,1,0,639.8123644962948,moderate,suv,0
18,0,10651.038645021337,2,0,557.8974071773472,new,suv,0
68,49,14391.636455412805,0,2,575.1842062701409,moderate,sedan,0
62,44,21182.932568614066,0,0,637.3070799928528,old,sedan,0
30,8,,0,1,688.8182292724151,moderate,suv,1
21,3,,0,0,391.16408364485517,moderate,sedan,1
18,0,14978.897611563818,0,0,651.691979916675,moderate,sports,0
66,46,18902.850151930663,1,3,575.3878987414964,moderate,sedan,1
57,36,16611.778294014413,0,0,790.2362653450225,new,sedan,0
49,31,16828.160262385467,1,0,850.0,moderate,sports,0
51,32,9295.545131427582,0,0,614.0720965046285,moderate,sedan,0
45,23,13108.588828087815,1,2,477.7771439286806,moderate,sedan,0
48,30,19783.905849934814,0,0,661.6876969918567,moderate,suv,0
25,7,,0,0,629.4570670506795,new,sedan,0
56,35,15555.328330871253,1,1,847.135064900129,moderate,suv,0
43,24,8810.311486523395,0,0,816.6589343375542,moderate,sedan,0
51,31,12849.692235997023,0,0,736.5374970596564,moderate,sedan,0
71,49,19492.15719052586,0,0,591.3305918787341,moderate,sedan,0
71,52,9869.48227229224,0,4,717.7766566180803,moderate,suv,0
20,0,17868.316147984657,0,1,676.5006359068304,moderate,sedan,1
67,49,15711.112554339943,0,1,674.132320329939,old,sedan,0
29,8,14056.178055907287,0,1,494.177015143213,old,suv,1
18,0,13880.301830711971,0,0,756.1795338453646,old,sports,1
71,51,13035.88120768805,0,2,660.7808328311235,moderate,suv,0
61,40,13392.11611177215,0,0,639.9158652455425,moderate,sedan,0
22,4,18718.96089924463,0,2,589.9843504991172,new,suv,1
47,27,13271.824743020903,0,1,570.6383500346623,moderate,suv,0
47,28,22230.36128876923,1,0,681.7258581278982,moderate,suv,0
74,53,16198.130012172847,0,1,475.0837198141918,moderate,suv,0
34,14,12694.95228388691,0,0,728.9498759650043,moderate,sports,0
65,47,18893.463809942456,0,0,544.5894563004315,new,suv,0
64,42,17495.583772306305,0,0,444.1319313794708,new,sedan,0
40,18,8383.294239089366,0,0,832.1895315926021,old,suv,0
32,14,10862.11457192985,0,0,564.1912950654422,moderate,suv,0
54,36,14538.318795190351,1,0,577.7840838478304,moderate,suv,0
38,16,8665.568262319211,0,0,763.4538331008075,old,sports,0
31,11,23362.119607886452,1,0,835.4430900516641,moderate,suv,0
19,0,18288.928728157363,0,0,496.699842139657,new,suv,0
28,10,14946.668611854153,3,1,554.3831939749331,new,sedan,1
68,47,13629.173785546946,0,0,561.7321177839403,moderate,suv,0
56,37,12601.345382564004,1,3,743.4801662695654,moderate,sedan,0
55,34,7143.871368116361,1,1,,old,sports,0
51,30,8068.505393417482,0,0,541.9747438421921,moderate,sports,0
55,37,22604.482925070428,1,0,791.474533796822,old,suv,0
67,45,21294.39855693034,0,0,579.0965888471299,new,sedan,0
51,31,12696.888980303838,0,0,683.6122902945572,new,sedan,0
35,14,18631.99662472983,0,1,522.8546300572183,old,suv,0
47,25,17025.683099988124,0,0,637.8069586418002,new,sedan,0
32,12,17497.151826595367,0,0,638.8887285927284,old,sedan,0
44,23,9299.288941997178,0,0,,moderate,suv,0
68,48,7767.28830987936,1,0,688.4970981319697,new,sedan,0
51,29,19730.377436279556,1,3,549.2969135147474,moderate,sedan,0
69,50,7082.80678785268,0,0,561.6276701813158,moderate,suv,0
74,52,14407.225834469938,0,0,693.7872144949356,old,sports,0
55,37,13529.190695128851,2,0,784.2035330975729,moderate,suv,0
50,30,13159.396153294365,0,0,647.7186305952077,moderate,sports,1
41,22,16257.803289162628,0,1,700.3670773462172,new,suv,0
32,12,12289.630280886195,3,0,725.808001029734,moderate,sedan,0
47,27,16582.94184986019,1,2,733.0505188633491,new,sports,0
72,51,15564.62165876478,0,1,554.6475274163362,new,sedan,0
59,41,23394.9294162017,0,0,572.2989769795096,old,sedan,0
68,48,9458.362432727483,0,0,580.9925406056465,moderate,sedan,0
34,12,15117.075935619307,1,0,842.8633800893964,new,suv,0
22,0,16725.380399511054,1,1,700.8192939171904,moderate,sports,1
46,25,13974.389777870816,0,2,696.3315720385017,old,sedan,0
21,3,9651.699568448646,1,1,686.6235753183738,new,sedan,1
27,9,20028.41112262078,1,0,517.9206596380501,new,suv,1
73,51,16347.737320576209,1,1,843.8190470777039,new,sedan,0
34,15,9932.413148293625,1,0,697.9187530786961,new,suv,0
27,6,16754.67185023304,0,1,722.3160112654953,moderate,sedan,0
34,13,21806.264280211428,1,1,473.4478711084198,moderate,sedan,0
37,15,14854.73626633632,1,0,727.9643852361518,moderate,sedan,0
41,19,14991.149322117752,0,0,614.3787549872374,moderate,sedan,0
22,3,21272.02012417328,1,0,517.7217025273762,old,suv,1
51,32,11118.464072994986,0,1,554.6236334128203,moderate,sports,0
23,5,21910.20817048273,0,0,523.5105791546633,old,sedan,0
70,49,18891.64428147295,0,0,521.821580488539,moderate,suv,1
19,0,11303.124144079939,0,0,656.054782036421,old,suv,0
30,8,12326.92400062354,0,0,611.3237211268349,moderate,sedan,0
60,42,12900.748665270841,2,1,683.4069362161388,moderate,suv,0
60,39,7665.74314405164,1,1,817.5975871068005,old,suv,0
65,47,16041.886996283523,0,0,637.0496286372662,new,sedan,0
28,10,11484.211987008586,0,1,425.5110706041573,moderate,sedan,1
68,46,16186.205285725222,0,1,625.8041788452183,moderate,sports,0
64,46,9836.226998699134,1,0,769.3394436397872,old,suv,0
74,55,18692.052947578,0,1,641.406052750317,moderate,sedan,0
40,21,17950.50372052201,1,1,802.9330653691702,moderate,sedan,0
72,52,12176.48394375914,0,1,695.2941593137818,moderate,sedan,0
33,11,16438.596631528464,1,3,466.17302656026106,old,sedan,1
48,28,15331.68223723832,1,0,660.9582250438358,moderate,sedan,0
28,9,20929.197944611646,1,0,679.7001294264729,old,sedan,1
71,51,10870.08412842051,0,0,758.0355801273644,new,sedan,0
33,11,14390.808086023413,0,0,831.9636571611568,new,suv,0
25,3,12437.265453168908,0,0,740.7725519708699,moderate,sedan,0
21,3,15179.27278840067,1,0,694.0479797387217,moderate,sedan,1
57,36,,1,1,,moderate,sedan,0
21,3,12392.770487705164,1,1,633.1993193550433,new,sedan,1
73,51,13543.57511444315,2,0,503.7122163192571,new,sedan,0
42,23,18864.16319222945,0,0,654.149608622286,moderate,suv,0
20,1,20429.29864770577,0,0,686.5290327458906,new,sedan,1
49,31,16974.064140811515,0,1,,new,sedan,0
20,0,14448.147605027363,0,0,782.6621639499941,old,suv,0
44,25,14067.612315851402,0,1,750.5411015482431,moderate,suv,0
46,24,17192.505314909162,0,1,512.823858471213,moderate,sedan,1
49,30,15911.068005619487,0,2,786.5832288789875,old,sedan,0
67,45,8404.096648434788,0,0,619.1685630790153,moderate,sports,0
68,48,17289.54092923161,0,0,572.1508434881652,old,sports,0
36,14,11557.72084230975,1,1,757.9277692746526,moderate,sedan,0
38,16,9332.254366097392,1,0,644.8945587239942,moderate,sedan,1
22,4,,0,1,839.918532083687,moderate,sedan,0
35,15,14135.582515266724,0,0,564.7111956113249,moderate,sedan,1
45,24,10933.902551269592,1,1,476.83424760273454,moderate,sedan,0
59,41,5694.553761043209,1,0,621.9561718833859,new,suv,0
39,18,13566.177972652757,0,2,728.9222499060472,old,sedan,0
38,19,13037.716660456537,1,1,557.2857014464457,moderate,sedan,0
23,2,14400.39554136648,1,0,516.989961720012,new,suv,0
18,0,12484.408183830492,0,0,672.8927402702755,moderate,sports,1
22,1,22317.318654109113,2,0,503.63127898324836,old,sedan,1
58,40,17069.349178734563,1,2,680.6692699613413,moderate,suv,0
29,11,13001.54670551409,1,2,615.9376948771823,new,sedan,0
43,22,14745.49265021055,0,1,699.4466488352373,old,sedan,0
63,45,20658.570669981393,0,1,511.61711960753985,old,suv,0
51,33,18826.491246941965,0,1,779.8163151443904,new,sedan,0
66,45,9415.152742499871,0,1,631.696551500631,old,suv,0
31,11,11102.837756693483,0,2,726.3522667904823,moderate,sedan,0
43,23,11872.61250390664,0,0,745.9875461284889,old,sedan,0
62,43,13241.200196256765,1,2,534.2555047634044,moderate,suv,0
44,26,12618.30718849583,0,1,738.2257509608077,old,sedan,1
26,5,15136.03701944431,0,0,507.49332248556743,old,sedan,0
43,25,17942.88524407555,1,0,512.9862257240108,new,suv,0
74,52,18610.641157529943,0,1,846.3999235988434,new,sedan,0
64,46,13692.810628402836,0,1,761.1853368796625,moderate,sedan,0
74,56,8461.225924982416,0,2,850.0,new,suv,0
39,19,10838.360232513034,0,0,612.978596939209,moderate,sedan,0
64,43,12920.90084147988,0,3,660.2428664078009,old,suv,0
73,55,10019.86216299457,0,1,702.7354746752363,moderate,sports,0
47,27,19563.435946806458,0,0,,moderate,sedan,0
60,41,10281.835765677088,0,1,575.3863979304095,moderate,sedan,0
65,45,17468.252178940813,0,0,560.3915302119951,moderate,suv,0
34,14,8272.478579909848,0,0,671.386223282895,new,sedan,0
43,23,17628.804405184215,2,1,,moderate,suv,0
53,35,14442.925173329657,0,0,540.5136507633148,old,sedan,0
18,0,21050.122809210203,0,2,689.3572011154592,old,sedan,0
25,6,10473.749573814679,0,0,640.4840648514385,old,sedan,1
66,44,12743.540797553622,0,1,743.7206270581685,old,suv,0
52,30,13518.269594358242,0,0,607.5088589917158,moderate,sedan,0
69,47,14389.999719398751,2,0,591.8744050024465,moderate,suv,0
32,13,13616.076676390037,0,0,692.3553396035471,moderate,suv,0
64,42,13693.285736364052,3,0,568.7975125446173,new,sedan,0
73,51,13627.749826457348,0,0,584.1872274443315,moderate,sedan,0
39,19,6715.280469678135,1,1,588.1545609620586,new,sedan,0
31,13,18973.338006431073,0,1,629.0297893704447,moderate,suv,0
43,25,26444.546270534738,0,1,827.2436543295903,moderate,suv,0
45,25,16193.084418403952,2,0,512.3211175042843,moderate,sedan,0
40,20,10456.996608566824,1,1,779.5507582117459,moderate,sedan,0
31,11,10861.845476606852,1,0,723.7786756289917,moderate,sedan,0
41,23,17452.696007566272,0,2,806.6978847369993,moderate,sedan,0
19,0,16541.877903392975,0,3,850.0,old,suv,0
62,42,13862.839557786647,0,0,793.1453020787856,new,sedan,0
43,24,18013.61748351674,0,0,742.5666947907862,moderate,sedan,0
31,11,6744.459812982035,0,1,,moderate,suv,0
73,52,18016.248508924495,1,0,531.3777738488957,old,sedan,0
68,48,15951.044658379571,0,1,686.0190184365222,moderate,sedan,0
24,6,11016.20803686707,0,1,480.19238520804356,moderate,sedan,1
20,0,9266.704286477263,0,0,711.5439251291219,new,suv,0
64,43,15485.30913098251,0,1,436.5078109238989,moderate,sedan,0
40,21,20628.952547071054,1,0,,moderate,sedan,0
63,41,14087.627072011863,0,0,617.8299688066402,old,sedan,0
60,40,11589.259935068641,1,0,662.659694547019,moderate,sedan,0
64,43,15765.15304054501,0,2,575.1627703579518,new,sedan,0
62,41,22283.487240493894,1,1,460.1473589777428,moderate,sedan,0
35,16,16725.199252254864,0,3,773.4695279194261,new,sedan,0
55,37,17157.607952837632,1,0,783.5701394954714,old,sedan,0
52,32,19891.194543882222,0,0,614.8512234796302,old,sedan,0
68,47,16890.22959753529,1,1,716.1929564734007,moderate,suv,0
32,13,11876.121171359384,0,1,610.9108579789596,new,suv,0
42,20,8021.740192407855,2,0,678.8489844266246,old,sedan,0
72,51,11313.38752088695,0,1,725.913919892011,new,sedan,0
54,35,10581.0947796093,1,0,705.5084924573873,moderate,sedan,0
45,27,17637.23247804531,0,0,784.0969613409345,old,sedan,0
27,9,18193.39220539643,0,1,701.8880675705335,moderate,sedan,0
56,35,15702.288246861952,0,1,652.8084617038595,new,sedan,0
74,53,9925.232092627308,3,0,573.8581032122578,new,sedan,0
34,14,22146.388095706785,0,1,602.149461967608,old,suv,0
56,37,13335.159144641646,0,0,731.0051396725016,new,sedan,0
39,18,17413.924041206148,1,0,499.81734810858813,moderate,sports,0
43,23,15197.299346798236,0,1,760.5807303412796,old,suv,0
61,41,15834.65393299966,0,1,621.8856273985467,old,suv,0
42,21,17272.73601336159,1,0,568.139409559211,moderate,suv,0
34,16,12215.919353596193,0,0,540.1275823218533,new,sedan,0
30,11,20221.609705060666,0,1,717.4367785648387,moderate,sedan,0
37,18,8681.97833165091,1,0,648.5358646196681,moderate,sedan,0
42,24,10845.774775856462,1,3,808.876522322982,moderate,sedan,1
21,0,20169.71749734833,0,0,523.692434947408,old,sedan,1
27,8,17360.019044417884,0,1,592.1836376938137,new,suv,0
20,0,25161.564390725733,2,0,,new,sedan,1
58,37,15273.401774612521,1,1,,moderate,sedan,1
62,42,21801.717185836373,0,0,650.6118664141803,moderate,suv,0
35,17,7570.084869346387,0,0,681.9500766415518,moderate,sedan,0
64,43,9345.94010721122,0,1,698.448423912974,old,sedan,0
53,31,18582.102149667895,1,2,800.6167130884461,moderate,sedan,0
64,46,8038.5286975420595,1,0,519.6527571218419,moderate,suv,0
39,20,14210.529571962043,0,0,683.7760319935311,moderate,suv,0
51,31,19668.836334588632,0,1,585.3057180411834,moderate,suv,0
64,45,17004.685057954674,0,1,693.0013380023585,moderate,sedan,0
25,6,15044.380881278317,0,0,693.1332186353047,moderate,sports,1
57,39,13203.57012468274,0,0,551.3080616767669,new,sedan,0
66,47,15808.90349836786,0,1,559.8847657365912,moderate,suv,0
61,40,17308.993489502118,0,0,701.1643063469575,moderate,sports,0
36,17,12356.42265205527,0,1,652.3404510744131,moderate,suv,0
59,39,16486.94411204819,0,1,628.0378159268396,moderate,suv,0
58,38,19313.722976794845,0,1,715.7986829774974,moderate,sedan,0
54,32,14110.087466800567,0,0,723.1718475862132,moderate,sedan,0
23,3,15272.491400562607,0,1,597.0369887298298,old,suv,0
69,50,16935.115336011113,0,1,564.79468623575,moderate,sedan,0
43,23,17205.336864358975,0,0,523.8081023162358,moderate,sports,0
51,33,18513.81429199376,0,0,,new,suv,0
73,53,10942.5001760722,0,0,507.6839722851435,moderate,sedan,0
62,41,12884.309990458758,1,1,659.9428458229035,old,suv,0
23,5,13032.485231801385,1,0,771.6836791424439,moderate,sedan,0
54,32,11384.351339349292,0,1,614.6540229713715,moderate,sedan,0
74,53,7806.344314568741,1,4,596.3795719459837,moderate,sedan,0
50,31,3000.0,1,3,849.7844773627145,new,sedan,0
70,51,19781.810847011922,0,3,800.9701819187646,moderate,sports,0
39,20,8784.427982209829,1,0,573.5402129444586,moderate,sedan,0
38,17,21266.03650682363,0,1,663.9013181058975,moderate,suv,0
23,2,17957.63795446585,0,0,682.8678242348083,old,sedan,0
23,2,13377.246480774988,0,1,,moderate,suv,0
72,54,17465.688419258935,0,0,831.4673447712787,moderate,suv,0
65,47,16700.532986854887,0,0,658.7229892419421,moderate,sedan,0
21,2,10592.902548240905,1,0,673.7234875631017,old,sports,1
47,27,14940.088905481478,0,0,718.8662295146416,moderate,suv,0
28,9,11080.64490983403,1,0,768.9919716047667,new,suv,0
47,25,17616.512008684367,0,0,743.6899194304106,moderate,sports,0
48,30,12139.116192802448,1,2,,moderate,suv,0
41,20,14613.481855213311,1,0,494.13001946060916,new,suv,0
72,54,14440.804323957002,0,0,601.1862275941573,new,sedan,0
26,5,15486.316002157528,1,2,731.9421207205271,new,sedan,1
72,50,21650.220324456088,1,0,675.0398697279305,old,sports,0
20,0,14036.157668576327,1,1,732.6128633822952,moderate,sedan,1
68,50,19871.708567898062,0,0,838.7166061671248,moderate,sedan,0
48,27,16919.98797734015,0,1,532.3036794940675,moderate,sedan,0
57,35,20673.61018414633,1,1,763.7910174804583,moderate,sedan,0
54,35,13646.256860740723,0,1,616.9636537506369,moderate,sedan,0
53,34,17784.54496787827,1,1,743.5349819274732,moderate,suv,0
41,20,14762.927909598635,0,0,645.8779256631883,new,sports,1
48,30,3042.4279153471452,0,1,850.0,moderate,sedan,0
23,1,10640.625659918098,0,0,663.0086936261738,moderate,suv,0
19,1,17329.50778381101,0,0,585.948577564402,moderate,sedan,0
37,18,17065.059665119996,0,0,691.9874622791767,moderate,sedan,0
45,23,9820.090445460306,1,0,682.394278071827,moderate,suv,0
28,10,15881.470195352014,0,1,763.8097094110448,moderate,suv,0
21,1,17013.040906102022,0,0,694.8052798604925,moderate,sedan,0
32,11,14861.337721049573,1,0,850.0,new,sedan,0
23,2,17915.274550638544,0,0,638.8595864597728,moderate,sedan,0
71,51,17370.221231715077,1,0,640.0380050219526,old,sports,0
66,47,14859.42568238117,0,0,589.6113949946946,old,sedan,0
47,25,12956.700724543525,0,0,658.5668338354177,old,sedan,0
73,52,19170.16636837004,0,0,673.1059121082955,new,suv,0
55,35,16852.648391515286,1,1,678.1210529955878,new,suv,0
68,48,9474.26938987881,0,0,656.7187675493999,moderate,sports,0
74,55,15883.59062432555,2,0,589.0178783272702,new,sports,1
19,0,10395.901162169066,0,1,561.8334871917644,new,sedan,0
32,14,11141.7282702833,0,1,612.4826275164444,moderate,suv,0
28,7,12392.359858457452,1,0,764.1537660235114,moderate,sedan,0
25,7,15179.492942638808,0,2,785.6799685491479,moderate,sports,1
43,23,16497.942310365142,0,0,642.3035463559565,old,sedan,0
68,46,13364.232443034914,0,0,555.8417033532576,new,suv,0
62,40,13539.269534825062,0,2,641.8826389683209,new,sedan,0
61,42,12987.025378793276,0,0,850.0,new,sedan,0
22,0,19190.054548350512,0,0,749.8967835316621,old,sedan,0
23,1,3588.225985601386,0,0,,moderate,suv,0
43,21,13765.29036130087,0,0,746.2684917052569,new,sedan,0
71,51,21179.939181529466,0,1,804.0566611341312,new,sedan,0
21,0,17068.920201109548,1,0,534.713379845288,moderate,sedan,0
36,14,20067.3889622685,0,1,610.7960131302877,moderate,sedan,0
37,15,6863.004561956307,0,0,597.1278367163185,old,suv,0
50,32,10031.00307412351,0,0,708.7114397070983,moderate,sedan,0
37,17,17056.19256274587,0,0,666.0110890639597,new,sedan,0
66,47,,0,2,725.6311290689408,old,suv,0
29,11,10435.055132621088,0,0,599.3112650132778,moderate,suv,0
64,43,13448.95286917391,1,0,787.1952050679156,moderate,suv,0
18,0,16605.856567467978,0,1,643.0666291850698,moderate,sports,1
43,23,9190.00641164921,0,0,719.4545551958183,old,sedan,0
31,10,17086.76503832393,1,0,769.540649892294,new,suv,0
55,34,4297.261403855053,1,0,761.5124315494968,moderate,suv,0
54,33,16968.95785785942,1,3,686.0828408401796,new,suv,1
28,9,11019.66012844863,1,1,731.9346906382546,old,suv,1
53,31,13209.611237934347,0,1,824.1660663972286,moderate,sedan,0
30,10,17607.535791747872,0,1,701.3601233974696,new,sedan,0
60,38,16789.008621969002,1,1,577.035359793842,moderate,suv,0
20,0,14968.075182593182,0,2,708.3050730963885,moderate,sedan,1
50,29,18876.162206541398,0,0,646.271878198041,old,suv,0
23,4,8199.295949524705,0,0,415.1998865595656,moderate,suv,1
67,49,15817.657486005655,0,0,696.1998023703093,old,sedan,1
73,54,11839.31947656607,0,0,661.6650650015607,moderate,sedan,0
27,5,18672.125874719946,0,0,765.6417771497438,new,sedan,0
22,3,17748.268278544478,0,1,574.9906342511694,old,sedan,0
40,19,17893.39287545602,2,2,499.42903376206925,moderate,sedan,0
27,9,21581.52733082854,0,1,666.8680859410509,moderate,sedan,0
61,40,19505.39012973991,1,1,688.0177387605446,old,sedan,0
19,1,14370.314664906356,0,2,659.3832945385569,moderate,sedan,0
30,8,14994.928586050013,0,0,652.0708683685403,new,sedan,0
57,39,17403.753522846906,0,1,543.1273045793673,old,sports,0
19,1,15544.698698991318,0,1,636.1082863025076,moderate,sports,0
37,19,17820.69328763887,1,1,615.1594170495584,moderate,sedan,0
18,0,6078.718300907885,0,1,757.270874076744,new,sedan,0
54,35,22523.214075173266,0,0,687.9325364030615,moderate,sedan,0
26,4,15244.114334225284,0,0,622.2002878254805,moderate,sedan,0
34,16,8510.13867642976,0,1,822.3884876422766,moderate,suv,0
26,6,11344.826593665915,0,0,623.1092323784991,moderate,sedan,1
28,6,6482.69179532311,1,2,705.7786723886163,old,sedan,1
32,14,10639.059679256996,0,0,633.3078666410718,moderate,suv,1
41,23,14431.006285440857,1,0,813.1152515028004,moderate,suv,0
55,36,21058.85844997761,1,1,658.6859775813612,old,sports,0
72,50,16642.698341679203,0,1,661.6414227890674,moderate,sedan,0
52,34,15931.442447858302,0,0,636.0129641227286,moderate,suv,0
47,29,10459.581915137152,2,0,669.6511926001215,moderate,suv,0
48,26,11702.058777385955,0,1,769.9537838647909,moderate,suv,0
66,46,12012.28922651122,1,2,734.5843844684688,moderate,suv,0
22,0,12175.485551255579,0,1,652.8076181116171,moderate,sports,1
61,39,13593.852495005582,0,2,820.1325106456654,moderate,suv,0
67,47,13895.955753134076,0,1,737.2985641342569,new,sedan,0
31,9,13643.686505492607,1,1,606.181888080265,old,sedan,1
70,52,12314.703078926072,0,3,511.9651646266062,old,suv,0
73,51,15540.212663248905,0,1,608.498619820343,moderate,suv,0
28,8,13742.3408665329,0,0,,new,suv,0
26,5,8617.73101511109,0,1,709.7200370631426,moderate,sedan,0
51,29,15137.527289031741,0,0,785.913768330202,moderate,sedan,0
29,10,14532.944008873694,0,0,540.5454024881,old,sedan,0
52,34,8681.490189779295,1,0,606.084466605319,moderate,sports,0
52,34,12634.794213213849,0,1,532.2357330125487,new,sedan,0
18,0,17388.290244045435,0,0,516.1200788420555,old,suv,0
57,38,10454.200245357182,1,1,587.2181254046682,moderate,suv,0
39,17,10031.283721086027,1,1,686.6612244294021,moderate,sedan,0
46,27,13700.465512033044,1,1,727.1394434890316,new,suv,0
25,4,17491.729079247856,0,0,555.1645893378326,old,suv,1
28,8,22241.310362890785,2,1,569.0724080612761,new,sedan,1
58,39,,0,2,472.01768246765664,moderate,sedan,0
54,35,19339.310960624432,0,1,671.4352208276996,moderate,suv,0
31,10,16386.790514006654,1,0,576.7861098029261,old,sedan,0
47,29,12259.53608142908,0,1,816.3031378211847,new,suv,0
52,34,17606.84430638765,0,1,690.9808799649595,moderate,suv,0
38,16,14657.567804287515,1,1,632.8554256543225,new,sedan,0
54,33,16508.135351312052,0,0,585.8887572455548,old,sedan,0
22,2,11215.880694596155,1,1,500.5329779805771,moderate,sedan,1
36,16,16865.783203359224,0,1,513.2128223054569,moderate,sedan,0
31,10,14517.967212936413,0,1,587.7859045427865,new,suv,0
43,23,15925.030988736335,0,0,580.1097117975695,moderate,suv,0
21,3,14659.707300699472,0,0,550.0828157154006,moderate,sedan,0
42,22,13891.187538633269,0,2,687.7094727442344,moderate,suv,0
62,42,16938.763118473635,0,0,701.426559241486,old,sedan,0
59,38,13375.635484433746,0,4,604.1367602698272,new,sports,0
42,21,8645.24747848964,0,2,843.5152268265317,moderate,sedan,0
35,15,7504.119697270218,0,0,475.32706334839077,old,sedan,0
57,38,15737.666277707911,1,0,655.8163898972264,old,suv,0
25,4,13211.128741084576,2,1,628.1419795912075,moderate,suv,0
56,34,8083.603290271798,1,0,594.9299118032743,moderate,sedan,0
57,35,15426.139868215121,1,0,580.233715398694,moderate,sedan,0
31,13,14624.501780106562,1,0,649.3040117087642,new,sedan,1
49,29,13001.54562710907,1,0,627.4472172678271,new,sedan,0
68,49,15987.23727272341,1,1,610.812347288744,moderate,sedan,0
55,37,20260.376040431216,0,4,520.1280365010625,old,suv,0
50,30,20138.362874740556,0,0,488.18881821895013,new,suv,0
40,19,15575.05857243434,0,0,621.1483524804435,new,suv,0
32,10,14661.158268548586,0,1,609.790389550347,moderate,sedan,1
50,31,15630.940830446723,1,1,630.2963139723172,new,suv,0
42,20,16236.027731097392,1,2,639.1378202110491,moderate,sedan,0
34,13,13926.807291767778,1,0,597.7497658117182,new,sedan,0
50,30,15698.17223981241,0,1,628.7592576181794,new,suv,0
64,43,8705.481715832811,1,1,564.6471691896505,moderate,sedan,0
72,51,15325.395533387058,0,0,802.3945809163283,old,sedan,0
19,0,16907.25438009842,0,1,570.0259851850032,moderate,sedan,0
31,12,13040.632231974376,0,3,612.9019290534659,old,sedan,0
70,49,14618.109422855605,0,0,577.621121088612,moderate,sedan,0
57,35,10553.978477195506,1,2,575.9418459795097,old,suv,0
57,38,9998.745668162746,0,0,652.4641566637947,moderate,sedan,0
68,48,15843.260311836764,0,0,639.7765790116988,old,sedan,0
56,36,12081.747937049535,0,1,604.053960962479,moderate,sedan,0
68,50,7892.697353695901,0,0,621.6524008445689,moderate,suv,0
23,1,10552.886803462232,2,1,578.0186449006729,moderate,sedan,1
23,4,11134.483624831724,1,1,690.1725637726161,moderate,sedan,1
20,0,18098.321990926965,1,0,850.0,new,suv,0
24,4,15716.45604547387,1,0,562.5158722766781,old,sedan,0
68,49,11513.591207370799,0,0,689.3963223734605,moderate,sedan,0
25,3,12648.936380115361,0,0,654.4948957020711,moderate,suv,0
59,41,20248.337664428902,0,0,716.862975813259,new,sedan,0
69,49,18744.409740787803,0,0,719.6792960496072,new,sedan,0
32,13,10527.758288072688,0,1,670.5412697218661,moderate,sedan,0
64,45,19654.103438505306,0,2,646.01794238849,moderate,sedan,0
46,27,14677.48476620076,1,0,606.5549800351554,old,sports,0
50,28,18198.446504224976,0,0,573.5039646891364,new,sedan,0
69,47,14346.768179993973,0,0,640.3154339048215,old,sedan,0
47,25,19743.316794968698,2,0,521.5411168582319,moderate,suv,0
56,35,10361.517553840806,0,0,590.6144009882531,old,sedan,1
44,25,13978.198274473936,0,1,760.6853624472569,new,sedan,0
53,33,19865.83911159647,1,0,659.8512221079691,moderate,suv,0
46,24,5429.567407210949,0,0,,moderate,suv,0
55,33,,0,1,796.9643886658424,moderate,suv,0
74,55,13425.814720507251,0,1,632.2970544085183,new,sedan,0
50,28,17738.64492217498,0,1,670.7325834193641,moderate,suv,0
54,33,19279.653741643888,0,2,619.8154105847244,new,sedan,0
44,23,17921.135277227855,0,0,568.7394239524393,moderate,sedan,0
72,50,15964.001013588982,0,0,554.7031740667595,moderate,sedan,0
50,31,15162.258192381441,0,2,734.3150372596491,moderate,suv,0
21,2,13629.157514080409,0,0,670.8627280485648,old,suv,0
39,20,15839.890486098524,0,0,834.6603072081052,moderate,suv,0
19,1,20838.619318342036,1,1,747.2052012923891,moderate,suv,0
27,5,11677.950806889834,0,0,576.8787010463632,moderate,sedan,0
22,3,13391.674099503705,0,0,734.0342180226771,moderate,sedan,0
27,6,14697.96010973277,0,0,619.4924460897745,old,suv,0
50,30,19003.730716782673,0,0,771.6859709129002,old,sedan,0
71,51,15893.209358208822,0,0,601.366612275698,old,sedan,0
55,36,18933.927582180764,0,0,544.7574039757328,old,suv,0
30,10,19136.439962014403,0,0,570.4244922938591,old,suv,1
48,28,17368.147303279922,0,3,575.5335097585087,moderate,sedan,0
64,46,10744.025533737786,0,1,565.9748235381336,old,suv,0
53,32,21644.375647586858,0,0,592.7391724394893,old,suv,0
62,41,20649.522684370804,0,0,735.6691870325237,new,sedan,0
41,23,15254.160202009347,0,2,829.6044208266185,new,sedan,0
69,51,9472.919030065781,0,0,516.9810484446496,new,sedan,0
73,53,8758.007368502573,0,2,776.3513042833149,old,sedan,0
32,10,16017.262506214842,0,0,602.2296284025572,moderate,sedan,0
46,26,12192.998231476857,0,0,684.7882531202234,new,sports,0
25,7,8131.243466558486,2,0,484.5853969426703,moderate,sedan,1
22,1,8682.537202547994,0,2,702.4035017344856,new,suv,1
46,26,13120.069706679966,0,0,449.4687603183937,old,sedan,0
64,42,15779.718295243913,0,3,681.3935072310165,old,sedan,0
21,1,20622.852204063307,1,2,675.7256047029337,old,suv,1
29,10,16936.883097387366,1,1,669.1007634295468,new,sedan,0
62,42,13474.381878114342,0,2,576.5089849367071,old,suv,0
19,1,16519.798230691198,1,1,704.9526674429644,moderate,sedan,1
44,23,16162.270342354632,1,2,689.1081509416717,moderate,sports,1
48,27,17958.180828783756,0,1,629.004721635888,moderate,sedan,0
68,50,14840.231545664543,0,0,717.1850307175193,moderate,sedan,0
68,49,19144.791004048442,0,0,640.4395853434495,old,suv,0
53,35,18297.80720090994,0,1,702.8777158908762,moderate,suv,0
53,33,15330.800014554281,0,1,,old,sedan,0
43,25,14523.102574936382,0,1,671.6701991109541,moderate,sports,1
60,42,18678.993915961706,0,1,707.4722941075262,moderate,suv,0
44,25,12146.102727571844,0,2,610.2087426381966,moderate,sedan,0
22,2,8973.548683426425,0,2,526.6163413745804,moderate,sedan,1
37,15,8950.808033264017,1,2,677.6079005548155,old,sedan,1
28,6,11814.502099641963,0,4,768.9391378612929,moderate,sedan,0
27,6,17638.609195109,2,0,679.9150972957445,moderate,sedan,0
57,39,13308.804581560546,1,0,681.8142314696373,old,suv,0
55,34,15818.064011244904,0,0,645.782389350336,moderate,suv,0
23,4,13018.815716475723,0,1,723.9118652773201,new,sedan,0
25,3,13050.570536064137,0,1,631.4064583862063,moderate,sedan,0
40,22,10898.145301955385,1,1,604.6101218873139,moderate,sports,1
64,45,14632.417498337247,2,0,760.5298252874866,old,sedan,0
43,24,14299.345056884173,2,0,596.9461681707318,new,sedan,1
63,45,16650.66009272729,2,0,738.947094645175,moderate,suv,0
60,41,16150.79042804687,1,2,760.5935461957708,new,suv,0
29,11,14211.41047616635,1,1,706.6816932062061,new,sports,1
43,25,8975.644619759298,0,1,525.0764480427367,moderate,sports,0
30,10,19282.317870313113,1,1,652.7154909222497,new,sports,0
57,36,14659.822643847907,0,0,629.8000002941383,moderate,sedan,0
35,16,15318.570759575587,0,0,600.4000744664687,moderate,sedan,0
42,23,21401.98026324423,0,0,664.2751587346428,new,suv,0
50,30,18632.888506383802,0,1,726.9206347497548,moderate,sedan,0
64,44,16785.79679526692,0,1,604.1447339868802,new,sedan,0
57,37,14990.776850516699,0,1,632.8617325726326,old,sedan,0
60,38,14953.417804663388,0,0,625.8941066168012,new,sedan,0
29,7,15960.45799088745,0,2,766.3871045544312,new,sedan,0
61,39,16627.626903426528,0,1,624.2899382189413,moderate,sedan,0
53,35,21845.607023136537,0,0,526.5594342238254,old,sedan,0
65,46,24893.064331051246,0,2,492.6565161009486,old,suv,0
21,0,16161.043221614198,0,1,686.272956656597,moderate,suv,0
22,4,6386.895711825469,1,0,573.9318260114098,new,sports,1
73,54,11193.02210683312,0,4,716.8724505272478,moderate,sedan,0
54,35,22245.98752748707,1,1,516.8780011492869,old,sedan,1
25,5,17874.610513022984,2,0,596.1087833389392,moderate,sedan,1
59,39,16704.185948979983,0,0,516.9431150479852,moderate,suv,0
66,48,14332.648354380957,0,1,693.4610715548923,new,suv,0
45,25,10243.911763096063,0,2,714.884754062465,new,sedan,0
48,29,21711.15901898201,0,1,683.86251576366,moderate,suv,0
26,6,11707.158994103644,0,0,541.4063679596157,new,suv,1
71,49,17917.247266153114,1,1,575.4236255889334,new,sedan,0
68,48,9797.192920983425,0,2,673.4313988611553,new,suv,0
46,27,14138.605260686894,1,1,481.22585918756363,moderate,suv,0
31,13,18971.828521811854,0,0,625.8865055612097,new,sedan,0
57,36,14001.223310132824,0,0,801.6905353335882,moderate,sedan,0
58,38,13526.200498535889,0,0,632.0044450819626,old,suv,0
39,20,15042.545073394725,1,0,501.14553609680485,new,suv,1
28,7,9655.988430260288,0,1,589.2590752323865,moderate,sedan,1
40,19,8903.412371815939,0,1,586.9307674322424,old,sports,0
18,0,17856.945930775713,0,0,850.0,moderate,sedan,0
63,42,13311.1602975288,0,0,816.5679080513896,new,sedan,0
54,35,17825.939042325826,2,1,723.0935434101578,new,sedan,0
38,19,19472.732068602832,0,0,615.6924069258602,moderate,suv,0
43,23,19794.570435981856,0,1,770.0629660979723,moderate,suv,1
63,43,8515.966861694644,0,0,536.6540360949541,new,suv,0
53,33,12208.682846984408,0,1,757.657531524426,old,sports,0
71,50,17150.34122817522,0,1,742.7973537420044,moderate,suv,0
40,19,17212.00668761461,0,0,634.865426535072,moderate,sedan,0
74,52,23997.75033678516,0,0,763.9186313350772,old,suv,0
18,0,11369.545867067674,1,1,605.277887053615,new,suv,1
71,53,19672.67360581639,0,1,523.4914401901766,moderate,sedan,0
72,50,16489.09844015416,0,0,747.7965012999921,new,sedan,0
68,50,8439.05653334612,1,0,641.4757070860541,moderate,suv,0
57,36,12808.73905309362,1,0,710.1780603298668,new,sedan,0
32,10,16050.1120492933,0,2,832.0886591559406,moderate,sedan,0
38,16,8182.533166814937,0,1,577.7745927603703,new,suv,0
64,45,6704.375980113415,1,1,635.6620495160025,moderate,suv,0
26,5,7955.029685453426,0,1,806.9634504577714,new,sedan,1
70,49,16036.534620337356,0,3,716.8731730855284,new,sedan,0
26,4,13061.33096506624,4,0,580.0217255795403,new,suv,1
27,6,12520.177210745527,0,0,554.4982296460521,new,suv,0
69,47,12657.512659337088,0,2,597.1919359896655,moderate,sports,0
74,55,9303.510353368249,0,0,,old,suv,0
70,48,13174.38726863957,2,0,673.734811948953,old,suv,0
43,22,7718.407807712658,0,1,657.84345071976,old,sports,1
58,37,19750.564557435628,1,1,677.9237754275351,new,sedan,0
52,30,21769.31888270887,0,0,565.9187198440218,new,sedan,0
69,47,5695.7451464433125,0,1,642.9166092474745,moderate,suv,0
42,20,13123.481362703647,0,0,444.43002260437834,old,sedan,0
43,23,13383.954277460809,0,0,664.5006317361366,moderate,sedan,0
28,7,14302.0619735319,0,0,767.5440644955866,moderate,sedan,0
55,34,19006.1216974976,0,1,507.52540906538195,new,suv,0
19,0,13135.156871224277,1,1,698.3428230647461,new,suv,0
24,2,14646.994149074852,0,4,588.8985648239437,moderate,sedan,0
35,16,26916.219855205552,1,0,730.250115369337,moderate,suv,0
44,22,14554.828369578772,0,1,665.8647451212279,new,sedan,0
51,29,22064.95944119762,1,0,690.470411266044,old,suv,0
44,24,17007.950629555333,1,0,656.4823898755441,old,suv,0
34,13,12785.1640276966,0,0,782.8331806384352,old,sports,0
60,38,12117.064051298277,0,1,684.7410477695103,old,sedan,0
61,40,14970.909620001174,0,0,579.4576285997549,new,sedan,0
68,50,10494.107501013768,1,1,659.8715052321004,old,sedan,0
71,50,11544.5361344172,2,1,613.111895703395,moderate,suv,0
41,22,13307.757595896883,1,1,666.2399906519589,old,suv,0
42,23,16173.374167708917,0,0,608.0230287633187,new,sports,0
24,2,22303.98884696419,1,0,582.3189264453686,moderate,sedan,0
69,48,13060.182292806949,0,0,669.9272212748446,new,suv,0
23,1,16846.072185512454,0,2,655.5789628616553,new,sedan,0
70,50,8488.408613671792,0,0,756.3955845045848,old,sedan,0
41,22,19241.154563549266,0,0,608.5044120867187,old,suv,0
50,28,8113.269700292176,0,0,451.9146152504693,moderate,sedan,0
66,46,18193.545888405737,0,0,613.6129201536687,moderate,sedan,0
46,24,14676.300186872786,0,1,487.3569241083423,moderate,sedan,0
60,39,14517.388229040842,0,1,691.5671974096576,moderate,sedan,0
39,18,13798.941128324677,0,1,482.6102071651212,old,sedan,0
43,22,9794.989502431608,0,2,551.1628937585899,moderate,suv,0
45,24,10006.917960524788,1,0,613.7665541725137,moderate,sedan,0
67,49,18346.08062415593,0,2,804.3950604761145,old,sedan,0
38,18,15047.747120725551,0,1,542.7109884285082,moderate,sedan,0
66,46,13769.773059274952,0,0,651.2404983146586,moderate,suv,0
24,3,16773.591802544226,0,0,707.9976576957259,old,suv,0
34,16,15405.241132885007,4,0,798.4060553220697,old,sports,0
37,16,11828.27380024048,0,1,727.779475172141,old,sports,0
58,40,24843.984903370325,1,1,759.3906951632465,moderate,sedan,0
66,45,17963.025514012428,1,1,736.4307058851541,moderate,sports,0
37,18,15508.274293438222,1,0,529.0877028603861,new,sedan,0
71,52,12945.55479114424,1,1,685.9692104317047,new,sedan,0
39,17,18811.03875677676,1,0,734.8660952172222,moderate,suv,1
45,24,11849.728521095618,2,0,554.349971032598,new,sedan,0
57,37,11512.901036122948,0,0,592.0240123275977,moderate,sedan,0
66,44,21773.30254296153,0,3,569.6807704872944,old,sports,0
24,5,15122.700704282837,1,2,727.2622985968034,old,suv,1
18,0,11946.60325313955,0,1,643.0718879670868,new,sedan,1
49,27,15022.74279215871,0,1,617.9154105664903,moderate,suv,1
30,9,18400.746215393505,0,1,521.8330083347012,old,suv,1
47,28,17485.01781582077,0,2,643.2605746806207,moderate,sports,1
40,18,,0,1,593.2411645015251,old,suv,0
68,49,10001.77638904208,2,0,674.3339565264163,old,suv,0
73,55,18796.596646699378,2,0,535.7032801354549,moderate,suv,0
36,17,14283.764895795415,0,0,667.7906259506201,moderate,suv,0
49,28,15356.403066815506,0,1,606.104922950118,moderate,suv,0
47,27,19837.977974579117,1,1,525.0703074264853,moderate,suv,0
46,27,17810.902693085158,0,0,517.2715962121854,moderate,sedan,1
66,46,16404.209923818715,1,0,532.2979611977306,old,sports,1
62,44,7064.013267412182,1,0,629.3600942559458,old,sedan,0
46,24,14817.992578478854,0,0,662.09954343635,moderate,sedan,0
47,25,11861.298449717999,1,0,676.9823632377181,old,suv,0
33,13,17844.181217589452,0,1,680.7552917728448,moderate,sedan,0
57,35,18963.832748142646,0,0,574.14767390208,old,suv,0
36,17,13791.875908868948,0,0,755.8402908095176,new,sedan,0
35,15,12331.834096845252,1,2,605.7774473991847,moderate,suv,1
18,0,21225.20318206373,0,0,695.0149760059732,moderate,sports,1
31,12,12587.409731945223,1,0,633.5844566506183,moderate,suv,0
68,49,10221.849971854992,1,0,687.5621231703042,new,sedan,0
64,45,11669.315387924224,1,0,628.5671933855086,old,sports,1
67,46,12780.00244754316,0,0,689.3634876574566,moderate,sedan,0
19,1,11554.547788201808,0,0,649.2611130119676,old,sedan,0
71,49,18381.56553311229,0,0,731.3840570650689,moderate,sedan,0
45,25,6208.346217703956,1,1,568.1314956788801,new,sports,1
66,48,11469.758354217884,0,1,473.0108664109422,moderate,sedan,0
67,47,14810.010218180547,0,0,552.6642580565904,old,suv,0
47,25,15840.984880009171,1,2,756.8918415238034,moderate,sedan,0
55,34,21767.339350098333,0,1,634.544118011226,new,sedan,0
68,49,21180.950851054746,0,0,659.2062295546563,old,sports,0
21,2,8597.05137622183,0,0,,new,suv,0
18,0,7367.8082377216815,0,1,656.5553725150279,moderate,suv,0
25,7,15099.885049483995,0,0,547.7187355927304,moderate,sedan,0
46,28,12307.259054147647,0,0,562.4218724947245,moderate,suv,0
72,52,10231.894632067258,0,3,609.751631717612,moderate,suv,0
56,35,15064.483589842617,1,2,694.5097257842145,old,sedan,0
20,2,15922.789273337738,1,1,705.184758064251,old,suv,0
49,28,11644.12624142329,1,1,707.9044897937837,moderate,sports,1
27,5,12503.661019850024,0,4,491.1915884955626,moderate,suv,1
27,8,11951.833890449401,1,0,649.3335499609739,new,sedan,1
36,17,13354.035035114877,0,0,630.3218166617264,new,suv,0
63,44,17165.776397558948,0,0,496.78175839185445,moderate,suv,0
51,30,10688.376555393654,1,0,651.5983766722198,moderate,sedan,0
50,29,12437.260026009597,1,0,,new,suv,0
40,20,13402.871427657992,0,0,701.1525672117888,moderate,sports,0
72,53,14972.99037937944,0,1,658.1247076239803,moderate,sports,0
45,25,16103.93797164989,0,2,595.0679469716747,old,suv,0
49,30,23169.031362043166,0,0,742.5762450456978,moderate,sedan,0
67,47,17288.50287043356,1,1,427.87664992248756,moderate,sports,0
24,4,17383.725388156665,0,0,643.5734871570389,moderate,suv,0
46,24,13933.547946881852,0,0,473.6749068008064,moderate,sedan,0
25,5,11080.53681721027,1,0,558.780672879388,moderate,suv,0
18,0,12887.14394060087,1,0,702.4813703009349,moderate,suv,0
74,54,12158.670039140434,1,0,522.5802519559197,moderate,sedan,0
72,53,16568.922702218264,0,0,507.6282181296065,moderate,sports,0
20,0,8394.874305505069,2,2,850.0,old,sports,1
41,23,17370.134878348978,0,2,514.0710948579836,moderate,sedan,0
40,21,14531.0416422559,0,0,815.0520903087973,moderate,sports,0
25,7,17933.392930756152,0,0,632.7797835420739,old,sports,1
71,52,12104.367243382905,1,2,597.5170878561024,new,sedan,0
74,53,11394.521140631017,1,0,706.6786390588205,moderate,sedan,0
64,43,13373.325123846225,2,1,783.6594075544499,old,sedan,0
54,33,13277.402988984695,0,0,535.3932057891672,moderate,sedan,0
20,2,18225.393644299722,1,1,598.9750210271469,moderate,suv,1
68,46,18187.219332228262,1,2,734.6869734684252,moderate,sedan,0
50,31,22620.092334141675,0,0,678.7994312427,new,sports,1
45,24,13018.031421928416,1,0,760.1917830641382,moderate,sports,1
64,45,3000.0,1,0,701.5111954431779,new,sedan,0
25,7,13362.309707876728,1,1,830.8224009149149,moderate,suv,1
51,29,15922.631700833428,0,0,667.8588598833651,moderate,suv,0
52,34,17858.122764208674,0,0,672.1811148330962,moderate,suv,0
49,30,16214.417085134877,1,0,682.1721372015799,moderate,sedan,0
41,19,13014.889867641203,1,0,635.7511148273442,new,sedan,0
31,9,21856.657429662228,1,1,734.8087158800924,moderate,sedan,0
49,31,10865.056797751095,0,0,673.7041223863026,moderate,sedan,0
73,52,13901.420605752648,0,0,728.8180009145144,new,sports,1
63,44,10680.360636556768,0,1,744.449985362416,old,sedan,0
60,40,15078.307048360688,0,1,692.8454681560328,moderate,sedan,0
33,13,21356.02303509148,0,1,700.1716324234196,moderate,suv,1
21,3,14436.296304404748,1,2,548.9670212403466,new,sedan,1
69,50,14460.800591626083,1,0,594.9646412180178,new,sedan,1
54,35,8216.151966490965,0,2,734.3383452990731,moderate,suv,0
71,53,13852.031256836004,0,0,792.3631181818514,new,suv,0
38,19,19601.948200133407,0,1,455.95697744916396,new,sedan,0
31,10,13999.055337371701,1,1,593.2136852748586,moderate,sedan,0
48,30,13728.839144350757,0,0,652.362060241465,old,sedan,0
72,51,,1,1,562.0725537919323,moderate,suv,0
65,46,13745.743548117742,1,2,567.7480355818317,old,suv,0
35,17,20168.21452890849,0,2,697.4919873793805,new,sedan,0
24,5,9861.441618449022,1,1,808.1375969171434,new,sedan,0
27,9,,1,0,446.8176443677859,new,suv,0
24,5,21585.316830781827,1,1,632.9523851018304,old,sports,1
50,29,19031.427589819654,0,0,696.3280341790388,moderate,suv,0
40,19,7530.905793458901,0,0,728.0213972200241,moderate,sedan,0
38,19,12446.787034276465,0,1,681.9127343069039,moderate,suv,0
36,18,14032.193901368868,0,1,826.1402549936115,moderate,suv,0
65,45,19039.821986828323,0,0,652.8906593325794,moderate,suv,0
36,15,9673.527535154257,0,0,781.1992790392097,moderate,suv,0
53,32,10924.253318429408,0,1,585.3632329654031,old,sedan,0
46,26,8579.39427928003,0,0,655.798294658885,moderate,sedan,0
35,16,11696.798999648745,0,0,528.7284924201149,moderate,sedan,1
19,1,9993.573372110748,0,0,740.0864440548994,moderate,sedan,0
18,0,21391.623440785632,1,0,637.9557137358823,old,sports,1
64,42,12410.490917408135,0,0,685.7821062519898,moderate,sedan,0
22,1,17763.701168520034,0,1,618.6631368714926,new,sedan,1
37,15,15071.87802887548,1,1,708.6428501659016,old,suv,1
28,7,15015.845123698351,1,0,689.7433973855752,moderate,sedan,1
59,38,12634.224721842244,0,1,550.5348570028793,old,sedan,0
19,0,18080.08994852283,1,1,556.323256741699,moderate,sedan,1
20,0,15617.376930569364,0,1,647.2231269658648,moderate,suv,0
40,21,15386.975651756187,1,1,715.9573957406658,new,sedan,0
72,50,12626.317559288307,1,2,836.2895553113848,moderate,sedan,0
29,10,13280.896295387916,1,0,680.2990856665729,moderate,sedan,0
37,18,17355.6444703017,0,3,750.753140248854,moderate,suv,0
22,3,15920.222446182004,1,0,488.7149065235831,moderate,sedan,1
54,33,15493.88925803416,0,1,850.0,old,suv,0
55,34,11983.83003332981,0,1,710.5686211129192,moderate,sedan,0
47,25,22776.43081410198,0,1,645.039548884122,new,sedan,1
26,5,13081.173041768707,1,1,633.5303952542074,old,suv,0
51,29,14878.989353098317,1,1,539.2800202141002,moderate,sedan,0
70,49,14251.865484501117,0,0,567.8713204279829,moderate,sedan,0
61,43,22818.844789045153,0,1,841.0435632133414,old,suv,0
52,34,13836.741549169652,0,3,551.0995561713987,new,sedan,1
69,47,13470.632236097386,1,1,549.1732242133655,new,suv,0
39,18,15473.244592466677,2,2,579.7779513924421,moderate,sedan,0
61,40,12225.83644215126,0,0,530.1819247038727,new,suv,0
41,22,15446.398867606054,1,0,651.530657484551,old,sports,1
34,14,24486.41432067108,0,1,758.8910512665238,old,sedan,0
27,5,16198.782222204365,0,1,588.9507673727967,moderate,suv,0
47,27,16052.983686906326,0,2,512.6675720239178,old,sedan,0
73,53,12128.380428363153,0,2,679.1861313014654,new,suv,0
63,41,21836.828617411855,1,0,644.4225662320187,moderate,sedan,0
40,19,22756.130803191918,0,0,750.2724550081625,old,suv,0
49,27,18410.721503308043,0,0,604.5491700697729,old,suv,0
34,14,17615.332892249517,2,0,623.9843220373325,moderate,sedan,1
67,46,14060.938594244732,0,0,635.0469635456731,new,sedan,0
68,50,,1,0,658.9004110553482,new,sedan,0
34,12,11659.36958054997,1,1,610.7438322642411,moderate,suv,1
31,9,10495.54409688504,0,1,594.5355891953991,moderate,sedan,0
26,5,9050.560333097028,0,2,464.96223151181584,new,suv,0
57,39,16642.695893099193,0,1,593.4612790879883,moderate,sedan,0
19,1,9486.502110717247,0,1,721.5223268081752,old,sedan,0
62,41,13001.458387550068,2,0,735.0245519368885,moderate,suv,0
42,23,14755.082499192093,0,0,602.88869764087,new,suv,0
56,34,18981.161598088125,0,1,779.9485998181763,old,suv,0
26,4,12687.11933351632,0,1,647.1295928299645,moderate,suv,1
71,51,19453.08925095757,0,1,516.2153628184052,old,suv,0
39,18,18756.635652576726,0,0,484.7615943545744,new,suv,0
60,40,10714.766689316102,0,0,771.8257922619727,moderate,sedan,0
63,43,19491.3019755411,0,1,612.6996274738926,moderate,sports,0
21,3,13865.675511433856,1,0,528.593547692742,moderate,suv,0
43,21,13004.195505096328,1,1,424.0723828564465,moderate,suv,1
46,26,13882.586898346699,0,0,610.4283889124857,new,suv,0
62,44,14985.977092965304,1,0,690.4750858996362,moderate,sedan,0
51,30,13339.82159824946,0,0,580.2308855953795,moderate,sedan,0
40,20,11641.233358555011,0,0,544.6754839866128,new,sedan,0
54,32,11994.977625221305,0,0,595.0624231393273,old,suv,0
28,8,15555.771238816063,0,0,774.3192019144856,old,sedan,0
23,2,14358.145792731822,1,0,510.70183823248095,old,sedan,1
35,15,17109.238773598256,0,2,585.8298969577482,moderate,sports,1
38,16,15209.45158881305,1,0,771.0757739617591,new,suv,0
59,41,15308.055983935034,0,0,699.4176289423754,moderate,sedan,0
53,31,17371.24893933715,0,1,667.9127813778956,old,suv,0
58,40,20675.672287650737,0,0,585.1553864583751,new,sedan,0
55,36,20836.089393167553,0,0,653.0504814500428,moderate,suv,0
51,29,20361.62568045687,0,0,596.2170931546699,moderate,suv,0
34,12,18481.79667896523,0,1,564.0613868929249,new,sedan,0
54,33,23341.642488368598,1,1,541.9942524698259,moderate,sedan,0
42,22,16751.29506497429,1,2,728.4095596372498,old,sedan,0
55,37,16302.183261288288,0,1,643.9593867783865,moderate,sedan,0
29,11,23975.685102012198,0,2,681.4513743802696,moderate,sedan,0
40,19,4096.124599602097,1,0,665.1673185801403,moderate,sports,0
70,49,14144.414045422725,0,0,694.0918827808359,new,sedan,0
59,39,20009.982916599998,0,1,624.5281210014108,moderate,suv,0
39,19,18921.051810886733,0,0,601.8342548945426,old,suv,0
38,16,25262.606299342522,0,0,568.4719670608878,moderate,suv,0
44,25,15429.942873325675,2,1,508.60308665928864,moderate,sedan,0
74,54,13276.729590447216,2,1,537.7966829377084,moderate,sedan,0
48,27,13671.661013303219,0,0,613.4582278899778,moderate,suv,0
23,3,16272.27265144499,1,0,489.6960515564522,moderate,suv,1
44,26,21486.590383805284,0,0,511.771409586397,old,sedan,0
57,38,21536.564035541967,0,3,754.2139892635178,moderate,suv,0
51,29,14775.941312665314,0,0,672.4179484853793,old,sedan,0
29,11,16012.033946711168,0,0,604.8163271796479,old,sedan,0
62,44,12553.593683188543,0,0,850.0,old,suv,0
74,55,12971.13780957782,0,0,485.17502812869714,old,suv,0
70,48,19185.02885374869,1,1,747.5611276461822,moderate,sedan,0
24,3,21408.845554926702,1,0,638.8533917220584,moderate,sedan,1
27,5,12210.865278120744,0,1,728.5047022912812,moderate,sedan,0
62,42,,0,2,660.8953717270807,moderate,sports,1
34,16,14027.687775683167,0,0,462.7754937754743,old,sedan,1
43,23,18455.486638208025,0,1,659.5460467558828,new,sedan,0
38,17,13445.935910574179,1,0,683.5555854639598,new,sedan,0
45,25,7294.180242161807,1,1,430.8014701475586,old,sedan,0
63,41,19014.762844448007,0,0,844.4048293801898,new,suv,0
19,0,13786.065480573043,0,1,681.1207594172772,new,sedan,0
71,50,14202.22513644778,0,0,717.1987740136495,moderate,suv,0
60,39,16742.351666767358,0,0,533.4470610423689,old,sedan,0
18,0,16411.334572610478,0,0,719.0617522145618,moderate,suv,0
68,46,16824.486635009554,0,0,758.9504459563055,old,sedan,0
70,49,8481.067339015219,0,1,675.3568228137846,new,suv,0
53,35,17225.23604814597,0,1,649.0628441479236,old,sedan,0
68,47,7363.774598595462,0,0,560.6411875101584,moderate,suv,0
43,23,18078.26057512403,0,0,628.3793082216674,new,suv,0
46,26,19473.52512844232,1,0,598.7970485740719,moderate,suv,1
38,18,9525.919429099133,0,0,707.1995637392685,new,sedan,0
28,6,16313.731962326196,0,0,565.0124074882598,moderate,sports,0
57,37,19228.71651845773,0,0,,moderate,sedan,0
28,6,13203.985518513866,1,2,566.1014437270344,new,sports,1
53,31,17694.545462834492,0,0,623.7647445839982,old,sedan,0
66,45,3858.3765090972756,0,2,711.6044397012816,moderate,sedan,0
56,38,19392.784472973646,1,2,579.6203280013956,old,sedan,0
57,36,15119.976954772705,1,0,715.0536488977602,old,sedan,0
52,31,13968.682493455872,0,0,705.2994157671368,new,sedan,0
71,49,18936.16581161792,1,0,622.9049326623057,moderate,sedan,0
51,29,21917.158702895907,1,0,766.1783201355789,moderate,sports,0
72,52,16942.86336541599,0,2,657.7784341977115,old,suv,0
64,44,21434.85553219558,1,1,760.227652658535,old,sedan,0
41,20,8786.866989892082,0,0,829.3464924877178,moderate,sedan,0
71,52,17663.795351336263,1,0,625.8698978298688,new,suv,0
39,20,14471.98458858291,0,1,714.4954984027397,moderate,sedan,0
22,2,11847.123581134732,2,0,586.2432074677124,old,suv,1
73,54,7285.274260548631,0,0,546.7185590491802,moderate,suv,0
50,30,17447.148196010654,2,0,630.4540342613572,old,suv,0
53,31,18501.160213666117,0,0,513.7399720250537,moderate,suv,0
64,43,20368.09100397299,0,0,556.239222035269,new,suv,0
37,19,19705.961750540126,0,1,709.1432599321067,old,sedan,0
36,15,11913.16125176652,2,0,598.6350984551161,old,sedan,0
52,32,20162.822061248524,0,0,721.0514087121861,new,sedan,0
69,49,20585.390015647376,0,0,679.9411938017487,new,suv,0
60,39,13960.064298989178,1,1,835.1154062019116,moderate,sedan,0
34,14,15113.713054846874,0,1,702.4337285576046,old,suv,0
62,43,11263.383171801832,0,0,761.4218070279314,moderate,sedan,0
60,41,20923.54516261333,0,1,690.1884663127546,new,sedan,0
51,31,8952.851416124257,0,1,681.1393501078072,moderate,sedan,0
26,6,17139.882689455077,1,1,766.4733042113315,moderate,suv,0
43,24,12612.683247537148,0,1,716.8797465865265,moderate,suv,0
19,0,10568.588721773956,0,2,671.0063612957429,moderate,suv,1
70,50,7501.086877754367,1,1,670.5654665929718,old,sports,0
26,5,14138.375488116028,0,0,703.8229311830416,moderate,sports,0
26,8,,2,0,582.8626480540115,moderate,suv,0
57,38,15225.677813095217,0,1,578.6200533861302,moderate,sedan,0
34,13,22077.3492936025,0,1,792.5405932372933,moderate,sedan,0
18,0,15798.029305755554,0,0,836.4413663859998,moderate,sedan,0
42,22,22989.122009138595,0,1,557.1117541589834,moderate,sports,0
60,40,11070.906986087386,1,0,583.1005567560296,moderate,sedan,0
57,36,9876.23680000261,1,0,764.2522819504145,old,sedan,0
59,39,,0,1,703.3519993142396,old,sports,0
42,20,14739.597844978784,1,0,717.6428105320922,moderate,sedan,0
56,35,25891.794750897214,0,1,739.6601294853057,old,suv,0
52,34,8351.541145794237,0,1,625.9267838255925,old,suv,0
20,0,17478.652472649697,0,0,682.9969924990187,old,suv,0
67,48,12200.138655837865,0,1,675.2192150698093,new,suv,0
54,33,14104.787795796148,0,2,564.1508399754539,moderate,suv,0
61,41,9967.920354934651,1,0,681.5090943215704,moderate,suv,0
61,41,18516.55329615816,0,0,773.7710696149668,moderate,sedan,0
68,46,14824.299468179512,0,3,616.5866761156639,moderate,suv,0
47,25,19349.814202776663,0,0,665.2569248740934,moderate,suv,0
55,33,15700.980776130244,0,1,670.6708916010856,moderate,sedan,0
51,33,7273.5040912925,0,1,621.533544956473,old,sedan,1
29,7,19386.171183900857,1,0,,old,sedan,0
36,18,6947.997470761278,2,0,581.9934368745013,new,suv,0
54,32,7520.389268334351,0,0,783.2645518695934,new,sedan,0
61,43,11331.189279473456,0,0,712.6205561632246,moderate,suv,0
66,45,11384.577832190655,1,0,556.3231399327105,moderate,sedan,0
34,13,20584.08546152593,1,0,819.8009684886254,moderate,sedan,0
27,7,14315.374452998545,0,0,666.8101461261596,old,sedan,0
74,56,19989.541167898653,1,2,577.7052482764948,old,suv,0
72,53,12728.330085656187,2,0,760.4554524991191,new,sedan,0
66,46,16270.58547604254,0,0,699.4671519448025,moderate,sedan,0
64,43,16896.169246048827,1,0,472.8040295765962,old,sports,0
29,11,17784.261668308198,1,1,597.4339682756147,old,suv,1
33,11,13140.295302336648,0,0,677.9097337221543,moderate,suv,0
41,22,13488.580444860425,0,1,434.0433322357341,new,suv,0
36,15,13807.477682936626,0,1,658.5070085387395,new,suv,0
25,5,8390.350438812784,1,0,665.797937270526,old,suv,0
48,30,14664.392546926812,0,0,531.6508117624178,moderate,sports,0
38,19,13465.26297969488,0,2,677.0644886259963,moderate,sedan,1
34,16,17320.291576310214,0,0,650.7463839125033,new,sedan,0
40,18,15365.204684238674,0,0,530.8705894114985,new,sedan,0
54,34,20345.52721381275,0,2,741.9560546862825,moderate,sports,0
71,53,15280.353900834267,0,0,733.7853794767805,moderate,suv,0
33,12,12751.177215118945,0,0,621.0262913147639,moderate,sedan,0
23,3,15230.788888663137,0,0,630.1418676608176,new,suv,0
25,4,17896.668963508655,0,2,722.6263937595345,moderate,suv,0
42,24,7907.170368843813,0,0,629.9336856888193,old,sports,1
35,15,12139.005924729638,0,0,456.9091799479845,new,suv,1
42,21,12223.293056458591,0,0,698.6936557399928,old,suv,0
29,7,16643.96081151,0,1,568.6740679261492,new,sedan,0
32,10,17109.1461587678,1,2,611.0156945582406,new,sedan,0
43,25,15404.910911339579,1,2,795.7870567951476,moderate,suv,0
58,38,5085.447523488307,1,0,636.6021525991202,old,suv,0
62,43,8392.327267232853,1,1,650.1734935873873,moderate,suv,0
43,23,14044.272714171515,1,0,700.9667275463597,moderate,sedan,0
64,42,12994.122306566105,0,2,700.5333943874032,moderate,sedan,0
49,28,15021.481515344012,1,0,558.0802232622217,new,sedan,0
27,8,13122.407350258098,1,1,643.9701484465626,new,suv,1
33,15,21126.56986459615,0,1,653.6152527925827,old,suv,0
24,5,5824.233660613914,1,1,677.2026896628827,new,sports,1
34,16,16210.510526119258,0,0,678.9221940916619,moderate,suv,0
40,21,18312.041624653888,1,0,850.0,old,sedan,0
43,25,17806.1538334336,1,0,532.4140229412756,new,sedan,0
38,20,18149.09195200474,0,1,748.0091620197957,moderate,suv,0
39,20,18724.463633563737,0,0,768.3375805833059,new,sedan,0
24,5,12584.080453571105,0,0,699.2783973923528,new,suv,1
31,13,10594.064972092172,1,0,,new,suv,0
32,10,6861.27330922131,0,1,816.4668030267626,moderate,sedan,0
70,51,13549.588665281219,0,0,430.8017135259802,moderate,sedan,0
24,4,11889.867504180578,1,0,581.6733302782173,moderate,sedan,1
26,5,19646.43525462855,0,0,767.1682197222812,old,sedan,0
68,50,13849.767559395461,0,0,612.9888396577483,new,suv,0
65,47,10878.377051089768,1,0,809.6464524800185,moderate,suv,0
25,4,10245.858184155597,0,1,498.81952553215996,moderate,sports,0
67,45,22955.28021513518,0,0,538.7898106051991,new,suv,0
40,19,14911.654740033691,0,1,596.8361829873025,new,sedan,1
46,27,11873.982146904225,0,1,691.7399277536529,moderate,suv,0
35,14,15496.167231088086,1,1,627.7979849619977,old,suv,1
48,30,22587.556624660283,0,0,600.9600747437579,old,sedan,0
47,26,13441.277430801778,2,1,,new,sports,1
69,49,17748.042837792786,0,1,801.3444975389151,old,suv,0
56,37,19745.844149321296,0,0,608.5620234292444,old,sports,0
52,31,7434.304432600374,0,1,479.0232192670337,moderate,sports,0
35,17,12446.350325321844,0,0,434.251617081262,new,suv,0
59,40,19244.346512635453,0,0,673.9290114780356,old,sedan,0
56,38,12202.786243589975,0,1,715.5955622218797,moderate,suv,0
34,12,16658.501597069135,0,0,656.2997785578546,old,suv,0
31,11,11966.073603500761,0,1,642.9091892919241,moderate,suv,0
48,26,13217.792385952293,0,0,569.5457385305917,moderate,sedan,0
41,21,12730.544777571575,0,0,715.4979793913839,new,sedan,0
52,31,17546.680614783327,0,0,817.818537889891,old,sports,0
61,42,15806.320456798372,0,0,428.3122322664444,moderate,sports,0
62,41,15395.43778004408,0,1,642.2498811212284,new,sedan,0
51,31,25029.980951435333,0,0,552.96516505864,moderate,suv,0
20,0,21958.789628480266,0,0,500.95340059461483,moderate,sedan,0
54,34,7075.0255177848785,0,0,537.0024129215584,moderate,suv,0
60,42,13226.361307125806,2,1,687.9672855684405,moderate,sedan,0
57,38,24705.854698427967,1,0,690.4962197591166,moderate,sports,0
43,22,12701.639877247831,0,0,796.02877611748,moderate,suv,0
72,51,23350.983943500578,1,1,650.8781547145461,new,sedan,0
40,18,13294.692740526958,1,0,474.1778370130421,moderate,sedan,0
61,41,14064.009717813748,0,1,626.1830457624028,new,sedan,0
56,36,18454.28543654325,0,1,511.3620927784216,new,suv,0
32,12,14639.171299968657,0,0,529.3204113577995,moderate,suv,1
73,52,16978.498558297146,0,0,708.0559058406495,moderate,suv,0
66,44,21299.794797230556,0,3,669.418090559442,new,suv,0
21,3,18035.203735903076,0,0,708.7565595435331,moderate,suv,0
46,27,15566.128528598798,2,1,614.2507152728272,new,sports,1
39,21,21694.107366870372,0,1,729.0529563425356,moderate,suv,1
42,21,18506.749903500397,1,1,608.6597101709889,moderate,sedan,0
30,10,12065.827347610608,0,0,761.6682832742247,moderate,suv,0
35,16,22920.300933776074,0,1,684.4638939471542,moderate,sedan,0
50,29,17569.46236820071,1,0,629.3003129515382,moderate,sports,0
33,12,14145.292924520554,0,0,671.2093044176097,moderate,sedan,0
62,41,6916.729661656211,0,2,648.2139299025082,old,sedan,0
59,40,9489.694479741333,0,0,809.6106515312923,new,sedan,0
61,42,21800.53964159975,0,0,674.5437622578789,new,suv,0
19,0,21958.661007881805,0,1,,moderate,sedan,0
72,50,15341.13627493296,0,0,626.1509142949201,moderate,sports,0
52,34,7919.023296098055,0,0,734.3184219245011,moderate,sedan,0
59,40,10652.098985397577,0,1,720.7913339053505,moderate,sedan,0
51,32,8504.92659180169,2,0,622.6158369687372,moderate,sedan,0
47,28,8359.554960344958,0,0,534.4358485377192,old,sedan,0
72,50,23107.209475747622,0,1,559.8031861621646,moderate,sedan,0
30,9,23239.671633657897,0,0,631.5837460457803,moderate,sedan,0
30,10,10516.61138573772,1,0,784.8927506119082,new,sedan,0
35,13,14965.060096409603,1,0,624.9823370753086,new,sedan,0
49,30,9860.815360272789,1,1,590.5876390034435,new,sedan,0
49,27,14939.047813999654,0,0,473.92806867513536,moderate,suv,0
52,34,21557.215533476385,0,0,801.3541435602297,old,sedan,0
56,37,19314.87620321206,2,0,706.902814598146,old,sedan,0
63,45,18234.65106198915,0,1,729.6009970005857,moderate,sedan,0
69,50,14223.281050948543,0,1,,old,suv,0
46,24,20047.86846398546,0,0,633.5269771241037,moderate,sedan,0
66,45,,0,0,658.4590633747536,moderate,suv,0
46,26,16615.662325262878,0,1,798.8601941951995,new,sports,0
70,52,14538.362647200858,0,1,667.9580889319137,moderate,sedan,0
61,39,16273.491758058664,1,1,708.7525290063994,new,sedan,0
74,53,16153.006311477306,0,1,737.0550717200512,moderate,sedan,0
33,11,12834.273419702957,0,1,714.2931332422644,old,sedan,1
73,55,11900.333865090934,1,0,637.1830829733506,new,sedan,0
61,41,11012.37215867844,1,0,,new,sedan,0
64,42,11268.547552825628,2,0,727.7640437975942,new,sports,0
74,55,14247.588497819794,1,0,727.6002859934727,moderate,sedan,0
27,6,13589.260404017674,0,0,,moderate,sedan,0
47,25,12517.065013589774,0,2,705.1096983309839,moderate,suv,0
42,21,12220.874101059338,0,1,709.6605613592055,moderate,sedan,0
56,37,16167.520104465266,1,0,605.3766633215553,moderate,sedan,0
37,17,20510.42978869722,0,1,591.8850488928099,moderate,suv,0
22,2,14956.337275706202,0,1,728.0630674351495,old,sedan,0
18,0,14694.676799836925,0,0,592.5814931983625,moderate,suv,1
47,26,11260.453229146522,0,0,647.9298996883138,moderate,sedan,0
66,44,14107.72075283717,0,2,787.902324097129,moderate,suv,0
20,1,19761.345362437474,1,1,772.057029234509,moderate,suv,1
62,44,19149.84441403589,0,1,680.1788830797184,new,sedan,0
31,10,18871.89497709734,1,0,620.386042016629,moderate,sedan,0
73,53,18743.47531687937,0,1,637.6621089656495,moderate,sedan,0
47,28,16746.93022225934,0,0,736.7660141055615,moderate,suv,0
67,47,16604.82865393198,0,1,646.3500722553835,new,suv,0
21,0,15979.001306739096,1,1,594.1717606989736,new,sedan,1
35,15,13332.458879789943,0,0,771.5774756407974,moderate,suv,0
54,35,15334.797594462038,0,1,668.1600139129281,new,suv,0
42,21,15862.398734823468,0,0,592.2744179008254,old,sports,0
65,47,17532.67441326421,2,2,697.8940188932631,new,sedan,0
18,0,15401.025948180637,0,1,747.1218413192508,moderate,suv,0
70,48,23420.645523889674,0,0,549.232693521224,moderate,sedan,0
63,44,10160.751211768353,0,0,629.9546086647065,old,suv,0
32,11,18017.9027990828,0,1,625.3316632411588,moderate,sedan,0
26,7,14835.025173443786,0,2,695.2287165783476,new,sedan,0
32,14,15008.585128506167,0,0,713.2008322859858,moderate,suv,0
66,48,11749.696870756768,1,0,594.8526088720514,moderate,suv,0
74,52,19077.37306899474,0,0,500.72488240939754,moderate,sedan,0
41,21,17611.36613728463,0,1,753.17987545994,moderate,suv,0
21,0,18334.549587214766,0,1,538.0054729422787,new,sedan,0
29,8,15676.981619275859,0,0,677.1184205043877,old,sedan,0
54,34,13700.4207414391,0,0,636.8019101269317,new,sedan,0
54,36,14733.753805822173,0,1,666.2443905204075,moderate,sedan,0
60,42,16733.86260022256,0,0,815.1233971706858,old,suv,1
23,4,6977.6953083210365,1,3,850.0,moderate,sedan,0
56,34,18491.73147030183,1,0,486.65625886013913,moderate,sedan,0
73,51,24704.771258732268,0,2,748.3906155332924,new,sports,0
63,41,16921.340187813905,1,0,634.3752227322354,old,sedan,0
41,22,13876.293503168905,0,0,754.7854513712552,new,suv,0
28,6,14355.058981282922,1,0,745.7263076179164,moderate,suv,0
30,10,17830.169403736676,0,1,790.9744807198164,old,sedan,1
51,32,13966.845346739527,0,1,678.4964915162698,new,sedan,0
42,22,18474.701085356708,1,1,561.0423515044977,moderate,suv,1
24,5,14303.437131479024,0,0,742.764948870962,old,suv,1
69,47,21856.73386649735,0,0,661.7997576144064,moderate,suv,1
21,1,21746.384544088753,0,1,626.6156784865867,moderate,suv,0
25,5,13679.321328236236,0,0,602.3776119295038,old,sports,0
37,17,14675.904653044801,0,1,750.6335569105129,moderate,sedan,0
46,27,14910.52455248664,0,3,810.3369492007378,moderate,suv,0
71,50,14964.13469694504,0,0,530.4647441300366,moderate,sedan,0
70,48,11210.283819757295,0,1,712.1952242478931,new,sedan,0
68,48,10650.957262902592,1,0,612.7612814577354,new,sedan,0
62,41,19999.030286191824,0,1,503.2727601807886,new,sedan,0
63,41,19359.148056816666,0,2,664.7705820763008,new,suv,0
27,5,19290.082856709087,2,0,566.6862219810439,new,sedan,0
60,40,14722.486532238683,0,0,492.2246772199802,moderate,sedan,0
51,31,22568.047079958782,1,0,571.8259527775465,new,sedan,1
74,55,14910.12409330173,0,0,547.2226082086146,old,sedan,0
43,22,18451.504695598964,0,0,,old,suv,0
58,37,9445.511941860063,1,0,517.4115923046311,moderate,suv,0
66,46,14081.058674008598,2,0,610.4859891373786,moderate,suv,0
20,0,14376.715777704732,0,0,578.6750871916028,moderate,suv,0
73,53,14738.04984791354,0,1,687.5613877145657,moderate,suv,0
23,1,9698.004128017255,1,0,709.3538986398315,moderate,sedan,0
22,0,17815.523711297028,1,1,676.0148576778441,old,suv,1
22,2,19114.44124521351,0,0,626.4555542126491,new,sedan,0
71,53,12024.562443508337,0,1,623.7572404307685,moderate,sports,0
64,43,10410.633934714682,0,0,566.2925012588635,moderate,sports,0
40,18,11924.23350042431,1,2,568.7005340590063,moderate,sports,1
66,44,16981.994676560724,0,3,720.3603868078736,new,sedan,0
26,8,12613.586580366582,0,1,474.0297401349536,moderate,sedan,1
52,33,14463.739001454496,0,0,641.9275061687058,moderate,suv,0
37,19,10706.15702118922,0,0,,moderate,suv,0
66,48,22917.145622005854,0,3,709.9132101374893,moderate,suv,0
59,37,15292.794512651133,1,0,,new,sedan,0
52,31,19598.86131690652,0,0,651.248070548594,new,suv,0
67,49,16972.679336955345,0,0,684.2984341359107,new,suv,0
35,16,14832.479780139724,0,1,459.52687813760053,new,sedan,0
34,14,14625.350700442888,0,1,542.5672027138263,moderate,suv,0
41,23,12099.02529344886,0,0,640.8210153187209,new,sedan,0
20,2,13198.147396465098,0,1,701.4146907634305,new,suv,0
49,30,10968.790673605981,1,0,668.24993111127,moderate,sedan,0
52,31,10532.536112268219,2,0,706.0454252949808,old,suv,0
55,37,23345.501670205405,0,2,542.0627487359345,moderate,sedan,0
30,12,16115.649460327772,0,3,491.12496502719733,moderate,sedan,0
73,52,20862.86896681624,0,0,658.4505805756789,old,suv,0
64,45,11823.750971855912,1,0,527.0646761785886,moderate,sedan,0
42,24,9993.585630141024,0,1,563.4677673952197,moderate,suv,0
26,5,11088.887156164596,0,0,743.2278354826374,moderate,sedan,0
21,3,13311.712459641216,0,1,668.9099556766852,moderate,suv,1
31,11,15145.99972730464,0,2,593.1855094744585,moderate,sedan,0
54,32,14396.253532624029,1,2,580.1968495359037,old,suv,0
51,31,11907.236126053485,0,2,712.0921556889165,moderate,sedan,0
28,10,15350.860037271055,0,0,671.1970935649983,old,sedan,0
58,39,15701.544498159787,0,0,528.5443357677309,moderate,suv,0
73,51,17809.105710206313,0,0,455.2176266899053,moderate,sedan,0
20,0,20881.72921205015,0,0,838.180183264015,moderate,sports,0
45,24,13544.424841964308,0,1,527.7520774682442,old,sedan,1
46,27,19861.922374538528,1,1,702.7696503300123,new,sports,0
26,6,15263.750373711948,0,0,801.0692932338175,moderate,suv,0
20,0,8890.724050328874,1,2,664.7597568833155,old,suv,0
42,24,22133.08324158335,1,0,589.9563323532795,moderate,sedan,0
51,30,24090.145767598762,0,1,507.3950958304288,new,sedan,0
29,9,17476.385912206206,1,0,505.99894636799695,new,sedan,0
59,39,15359.139857676526,0,0,687.6694848676386,moderate,suv,0
26,8,13914.379759342013,0,1,795.0976322949984,old,suv,0
32,11,13144.208122062368,2,1,610.4540903295471,moderate,suv,1
57,36,19842.805012590066,0,1,594.4279537850636,moderate,suv,0
42,24,14930.907047807308,0,0,719.7481090811186,new,sedan,0
22,1,,1,0,581.4052746095253,moderate,sedan,0
28,10,15139.449661316663,1,0,677.4482907628421,moderate,sedan,0
51,32,13350.61322630637,0,1,654.1801450085512,moderate,suv,0
41,21,12594.79814195307,0,3,609.0531941421945,old,sedan,0
32,13,12025.135658822008,1,1,648.4461841263479,old,suv,0
55,33,17056.583305624183,1,1,826.3152114649979,new,sedan,0
25,3,9822.026580567954,0,1,710.4532944100956,moderate,sedan,0
22,0,11726.650066654987,1,2,759.2500804255978,new,suv,1
65,47,20297.93050336428,1,1,558.1305639079939,new,sedan,0
43,22,11181.802756702087,0,0,759.5936147607574,new,sedan,1
35,16,18450.81968796007,0,2,713.9020475468985,moderate,suv,0
23,4,6747.9527539967385,0,0,500.0403903440632,moderate,sedan,0
54,35,20800.348168703007,1,0,703.97907333711,moderate,sedan,0
65,46,9919.072643889815,0,0,598.6725863205322,old,suv,0
30,8,11494.425026100966,0,0,,new,suv,0
45,26,17721.370311945302,0,0,662.977573232762,moderate,sedan,0
22,1,16081.632536832194,0,0,703.904259106261,moderate,suv,1
30,8,18579.949744379228,0,0,665.1608068644563,new,suv,1
34,15,,0,1,639.0861415154245,old,sedan,0
67,49,13852.778362665844,0,1,616.9414661541668,moderate,suv,0
57,37,12531.68716315825,1,0,850.0,old,suv,0
62,42,10559.244807390307,0,2,531.7430611471354,moderate,sedan,0
49,29,17383.589834081464,4,0,737.2921982357203,new,suv,0
46,24,18772.20578642718,1,0,651.5422970888984,new,suv,0
68,49,13652.535179837865,0,1,564.5533493732968,old,sports,0
20,0,21090.84519718468,1,0,645.160094937142,new,suv,0
73,52,11857.19911648663,1,1,510.7067362411383,old,sedan,0
57,39,20993.869296548164,0,1,590.4509593193146,moderate,sedan,0
51,33,17248.956239033065,1,1,645.3065674164394,new,suv,0
57,37,10105.731258099957,0,0,494.88829414008705,moderate,suv,0
44,24,22926.097068330677,1,0,700.6382538488058,new,sedan,1
30,10,13222.08986723589,1,1,553.6238959088467,new,sedan,0
62,43,19820.4709584578,0,2,504.8279041986448,old,suv,0
50,29,15582.59648771853,1,0,,moderate,suv,0
23,2,16497.764897807327,0,2,850.0,moderate,sedan,0
41,20,18604.827121969232,0,2,452.193585813116,new,suv,1
36,15,18383.404737876015,1,0,693.612308876979,new,sedan,1
33,13,13631.413747506158,1,1,574.8363728980713,moderate,sedan,0
57,39,17126.66238375438,0,0,614.9871828482438,moderate,sedan,0
45,25,16826.399394794007,1,0,710.3930928680332,old,suv,0
50,29,15854.244798756981,0,0,705.4818714838921,moderate,suv,0
65,45,14186.733864681084,1,1,581.9303580838209,old,sedan,0
58,37,15846.259332776992,0,0,514.2175993366706,new,sedan,0
30,8,22870.16298478344,0,0,712.2140973700639,new,suv,0
60,42,13819.89059154337,1,0,705.2377193009344,new,sedan,0
62,40,19826.349679216837,1,2,621.5030491211812,old,suv,1
42,23,12521.454304334144,1,1,694.1944383808378,old,suv,0
70,50,11474.741350709024,0,2,605.4170519024465,new,sedan,0
59,40,28105.597380452,0,1,567.2962434965211,new,sedan,0
53,33,17160.096787956973,0,0,650.3962181121075,moderate,suv,0
44,22,17270.053845158454,0,2,701.9032741091518,old,suv,0
55,34,,0,2,680.9250269552434,old,sedan,0
24,3,20629.198826138352,0,0,700.9162680076672,new,suv,0
22,2,16631.240058471016,1,1,573.9421126710874,moderate,sedan,1
60,39,18264.887490228768,0,0,,old,sedan,0
62,40,10765.72688697391,0,2,615.7619144661376,moderate,suv,0
74,53,18935.69414897781,0,1,638.1084348523409,moderate,suv,0
68,46,14052.957767849835,0,0,518.1344090782133,moderate,sedan,0
48,29,17686.969928767492,0,2,630.6144843702716,new,sedan,0
40,18,8139.520181221217,3,0,703.2237736851517,old,suv,1
59,41,17520.718369460454,0,1,726.2510612692665,old,suv,0
27,9,6032.414580900686,0,0,806.1940737186783,moderate,suv,0
49,31,13896.338118255293,1,0,702.0234895825461,new,sedan,0
60,40,8177.793636401578,0,1,677.6913195799704,moderate,suv,0
70,50,17532.146905002104,0,0,605.3704888485681,moderate,sedan,0
47,27,15277.0795247035,0,0,583.8259591766994,new,suv,0
56,34,11916.850387838895,2,0,747.0248514668156,moderate,sedan,1
48,28,20737.632180139313,0,0,745.1070351738908,moderate,suv,0
35,16,11413.334022666473,1,0,542.2987299151227,new,sports,0
53,35,3000.0,1,0,722.3095887153481,moderate,suv,0
19,0,17054.540135460607,0,1,715.0383691395842,new,suv,0
31,13,7933.605122344204,1,0,538.6191114985805,old,suv,1
30,10,11539.96142795663,2,2,704.0456804789177,old,sports,1
46,24,12930.613708242887,0,0,545.0453540518192,moderate,suv,0
29,8,9304.024601215951,0,0,407.0707032326511,moderate,suv,0
56,37,13025.089655767117,1,1,633.989758630795,moderate,suv,0
19,0,9378.872450980441,0,0,675.7814705254989,moderate,sedan,0
49,29,15649.532740532188,0,0,638.4929195116887,old,sedan,0
30,11,10085.018976991245,0,1,850.0,new,sedan,0
63,44,15120.58559512806,1,0,687.8851229234974,moderate,sedan,0
44,23,19648.030817084844,0,0,664.71418192987,moderate,suv,0
66,46,18129.491081168653,1,2,692.9591303314091,moderate,sedan,0
58,38,14673.157231433688,0,0,605.8680995599902,moderate,sedan,0
34,16,11045.050726320727,0,0,742.9479062093538,old,sedan,0
57,35,15636.708463690324,0,0,686.1001946177101,moderate,sedan,0
48,26,12217.123502131657,0,1,681.517170389249,moderate,sedan,0
51,33,15804.493834806104,4,1,587.5879777133061,old,sports,0
41,19,8138.859130188002,0,1,493.5669673550907,moderate,suv,0
62,43,18229.044225342568,0,0,599.8613910922709,old,sedan,0
52,30,15132.86625205259,1,0,678.2633856259893,new,sedan,0
65,43,23834.066720036695,0,0,605.5300520255054,old,suv,0
23,5,20224.245847370905,0,1,679.1727167067371,new,suv,0
36,15,17264.747745684224,0,1,626.7638123143695,old,sedan,0
47,25,14504.028105169724,0,0,693.0579484626523,new,sedan,0
24,2,12081.582545193338,1,0,552.3175874124686,moderate,sedan,0
27,6,18769.63718013654,1,0,669.2890011885081,moderate,sedan,0
58,40,14082.120834721152,2,0,585.9045853648603,moderate,sedan,0
49,28,19673.4585317932,0,0,496.1717057869364,moderate,suv,0
51,33,16603.292654941142,0,0,633.4845876971625,old,suv,0
45,26,16631.988508999053,0,2,803.6317573818046,moderate,sedan,0
32,14,17378.104507871845,0,0,504.14235921540177,moderate,suv,1
47,28,11321.49224624977,0,0,661.93922503942,new,sports,0
54,35,10911.455024505509,1,0,,old,suv,0
46,28,10773.162206547102,0,1,850.0,moderate,suv,0
39,19,19189.98765950396,0,0,600.7067017553312,old,sports,0
21,3,11217.113649926108,2,1,586.7999395395688,moderate,sedan,1
37,15,11715.361167218654,0,1,533.3307804060734,new,sedan,0
49,27,17150.06850789257,1,0,764.0516334846219,moderate,sports,0
53,33,13991.803501460576,0,1,563.2585670760925,moderate,sedan,0
67,48,13480.823031632177,2,0,612.940356822465,moderate,suv,0
21,1,13133.78012469232,0,0,465.10621226287446,old,suv,1
44,22,5697.473288634608,0,2,738.3971842678526,new,sedan,0
34,14,11132.473896143927,0,1,765.8258280778026,moderate,suv,0
29,11,19726.252547528366,0,0,734.5775063584365,old,suv,0
39,19,12842.407593864109,0,0,489.46747186462824,new,sedan,0
34,15,7398.041175929039,0,1,710.7151040779306,new,sedan,0
27,9,10968.023044526039,0,1,,moderate,suv,1
71,50,16439.415859019984,0,1,655.804030206424,moderate,sedan,0
18,0,16360.138436822952,0,0,670.5077579983797,moderate,sedan,0
39,17,13822.877549754601,0,0,681.0183218108265,moderate,sedan,0
43,23,12243.183811659866,0,0,703.4636532637469,old,suv,0
73,55,9391.216056975827,0,1,649.1966396440728,old,suv,0
35,14,16472.740145648033,0,3,453.75704872714476,moderate,suv,1
67,49,18351.481670671157,1,0,703.5121008799532,moderate,sedan,0
31,9,,1,0,659.7608141127748,moderate,sports,1
64,46,10557.650565239826,0,0,559.7380208628766,old,sedan,0
46,25,20462.091921624753,0,0,493.0602578863391,moderate,sedan,0
29,9,14773.551650942172,0,0,,old,sedan,0
53,34,15106.287853617225,3,1,773.1300538290683,moderate,sedan,0
52,34,18574.368162525843,0,0,720.5957407307454,new,sedan,0
69,50,12836.18438608107,0,0,582.3700088765297,moderate,sedan,0
29,7,6344.787994603887,0,2,398.30044477884826,new,sedan,0
24,4,17819.446192783045,0,2,726.4679175435235,old,suv,0
46,26,16394.282977180294,2,0,686.6686773855075,moderate,sedan,1
28,10,13558.892612492096,0,1,612.5337690927823,new,suv,0
50,30,17490.125375748776,0,1,762.4806306697876,moderate,suv,1
23,5,18307.773841860784,1,2,734.799753396285,old,sedan,1
64,46,8951.974751753694,1,1,667.609548823085,moderate,suv,0
32,13,15090.05189759091,0,0,653.5058417871114,moderate,sedan,0
49,29,5889.749572603663,0,0,655.0967717599681,moderate,sedan,0
68,50,14505.227241952869,0,1,717.9939872834746,old,sedan,0
28,9,13509.031023885243,1,1,564.2523653457012,moderate,suv,0
40,19,16967.636069708962,1,2,692.5983121785036,old,suv,0
43,24,10707.779081504294,1,0,557.9409055530409,old,suv,0
51,32,13314.053856593926,0,0,783.6555171752234,old,sedan,0
63,45,3000.0,1,1,703.2128571575234,old,sedan,0
51,29,17230.01528413535,1,0,581.177173836107,moderate,suv,0
46,24,14646.400332823705,2,1,658.059582402975,new,suv,1
21,0,15348.96575128244,1,1,564.6213619971959,new,suv,0
34,15,9026.277055861096,1,0,800.4112837700795,new,sedan,1
52,34,16592.24869941202,1,0,812.2875984471209,new,sedan,0
30,10,21610.998814056904,0,0,719.6223682562847,new,sedan,0
58,39,14260.349124495238,0,1,805.6656567654577,moderate,suv,0
56,37,17600.355632326577,0,0,665.17959488725,new,sedan,0
32,14,11517.515907496461,0,2,726.3512567174797,moderate,sedan,1
72,51,14692.575239811778,0,2,772.4724521909756,old,suv,0
46,27,8874.63754416733,2,1,649.4256404484083,moderate,sedan,0
46,25,18152.48721877385,1,0,657.1103857317345,old,suv,0
28,7,15639.362308661586,0,0,743.3656601428897,new,suv,0
69,47,10122.85445669575,0,0,714.6497965595993,moderate,sedan,0
49,31,11792.551292647673,0,0,574.4539279798947,moderate,suv,0
19,0,15244.34469039325,1,0,431.31706287285306,moderate,suv,1
64,46,18695.4600638567,1,0,632.4471937402951,moderate,sedan,0
31,9,20918.108814074072,1,2,440.30858207748213,new,suv,0
37,19,14463.498483819372,0,1,550.8982663894452,new,suv,0
39,20,9541.405304522477,1,1,562.5713042799616,moderate,suv,0
28,7,15953.860561295178,1,0,593.1357689059873,old,suv,0
44,26,22139.529596129407,0,0,732.0438144163542,moderate,sedan,0
20,0,8509.00637870994,1,0,753.767954073026,moderate,sedan,0
34,16,11181.617402844277,1,0,700.8740719807207,moderate,suv,0
61,40,17443.857376986572,0,0,713.2506976061806,new,sedan,0
73,51,15614.396541016666,0,0,715.6120456368647,old,suv,0
45,23,12819.921086940794,0,0,400.3170008779076,old,sedan,0
46,25,15880.455493205809,0,0,651.0197682007116,new,suv,0
38,19,18910.180807417262,0,1,470.3541278829995,new,sedan,1
64,45,14606.654631230003,0,0,700.9139475671541,moderate,suv,0
33,11,14255.969222831614,1,2,440.6891852680303,new,suv,1
54,32,17356.096679702867,0,1,631.95614646493,old,suv,0
37,16,13917.940472383214,0,0,704.7769776019587,old,sedan,0
23,4,19570.09424351252,0,0,538.2242051683688,moderate,sedan,1
36,14,23106.958713937405,0,1,746.171596051322,new,suv,0
74,55,11428.232127481351,0,1,700.6622169951747,old,suv,0
22,0,9999.897868863804,0,1,688.082469583791,moderate,sedan,1
20,2,16486.876954760173,2,0,719.8001587510532,moderate,sedan,0
18,0,9857.981907888392,0,1,614.0799912233344,moderate,sedan,0
55,37,9789.690084185851,1,0,665.1918863756808,new,sports,0
32,10,6803.176918704632,2,2,651.0051572234199,moderate,sedan,0
51,31,13470.9910097125,0,2,648.7451055383855,moderate,sedan,0
52,32,14868.038788691,2,0,582.7968923352923,new,sedan,0
66,44,12930.548043431068,1,0,525.7467885277294,new,suv,0
42,20,20561.332734128686,0,0,616.3141650710525,moderate,suv,0
41,22,20263.549068184468,2,0,610.8052092805733,moderate,sedan,0
29,7,22715.375856087026,1,0,576.3269012483111,moderate,sedan,1
35,14,15186.113863734834,0,1,735.2053781810024,moderate,suv,0
32,10,19735.276234043107,0,1,532.7793382144387,new,sedan,1
61,40,16235.410595148613,0,0,632.8490841108759,moderate,sedan,0
33,11,15833.529250078484,0,1,766.6339711561252,moderate,suv,0
44,25,13130.455698818154,0,0,740.9129352599552,moderate,suv,0
25,4,5947.412836979423,1,0,771.6293885097283,moderate,sports,0
63,45,17549.165820055958,0,0,590.9219422625773,new,sedan,0
42,21,19616.544946112095,0,1,728.4288125727708,new,sedan,0
34,15,8897.528286807003,0,1,543.7029603021869,old,suv,0
46,25,14961.205351269567,1,0,622.412604418346,new,sedan,0
70,48,18966.58867365828,0,0,631.8244189219807,new,sedan,0
25,3,13562.004893418329,0,0,592.415978780199,new,sedan,1
32,13,19772.414693329072,0,0,613.8186011915475,moderate,sports,1
44,24,14438.867866570527,0,0,600.6624072502648,old,suv,0
63,41,12899.365877206958,2,0,551.7606188898304,new,sedan,1
67,49,20001.147651764935,0,1,735.6413506005791,moderate,sedan,0
69,50,11264.98505543961,0,1,631.7549997125731,new,suv,0
24,3,12100.383872700826,1,0,670.1436543917285,moderate,suv,0
20,0,11417.816461130775,0,2,666.3776871192855,new,suv,1
46,28,10429.618922050948,0,2,655.4726425110022,new,sedan,1
61,39,15612.135669497553,0,0,659.2804546056428,moderate,sedan,0
70,51,12948.261592885989,0,2,619.4582779968979,old,suv,0
41,23,16954.45238566583,0,2,791.8396868514862,moderate,sports,0
20,0,8061.438657873902,0,0,726.0744761635359,moderate,sedan,0
37,18,10509.807637982336,0,0,651.838203277102,new,suv,0
63,42,15206.316358105481,0,0,605.2945564033937,moderate,sedan,0
32,13,20878.722388814866,0,0,638.1179157270919,moderate,sedan,1
42,22,16514.008595670082,0,1,,old,sedan,0
47,28,12642.437620598228,0,2,799.9940092536312,old,suv,0
31,11,9041.87458647881,0,1,512.6952455334956,moderate,sedan,1
24,5,12408.615806375625,1,2,715.9774758641778,moderate,sedan,0
34,14,14830.063509828718,0,0,762.6723636778635,moderate,sedan,0
61,40,5569.232423827643,0,0,501.3281530094768,moderate,suv,0
37,15,10146.519719008342,0,2,631.8849123268725,moderate,suv,0
53,33,12049.77614141211,0,1,543.5482026916961,new,sedan,0
26,6,13970.365571260156,1,0,693.0529611677034,moderate,sedan,0
55,34,14782.654081005181,0,1,614.1649067644448,new,suv,0
65,45,12556.52888717146,3,3,636.9860933119875,moderate,sedan,0
74,56,17023.49272881167,1,0,608.8944192721526,moderate,sedan,0
39,18,15498.82761212186,0,0,722.0163432768269,old,suv,0
71,53,13519.746861979282,0,1,672.9032960598138,old,sedan,0
70,49,17575.101523751728,1,0,673.0926764039656,old,sports,0
70,50,17247.762466040534,0,1,666.0621825081454,new,sedan,0
19,1,9184.80579701491,0,0,707.2490880452137,moderate,sedan,0
41,21,,2,0,623.8028145143677,moderate,sedan,1
25,4,18561.042125868804,1,0,820.0774787540927,old,suv,1
28,8,19229.957117208713,0,0,526.5205248781481,moderate,sedan,0
30,12,16483.635162541148,0,0,477.4081551830351,new,suv,1
34,16,14066.845753014426,0,2,469.13194313914266,moderate,sedan,1
25,5,16685.279176929744,0,1,442.04118807075645,old,sedan,1
38,19,18231.093725167135,1,0,717.3169814820252,old,suv,0
35,14,15463.327796038258,1,1,705.1367699282641,moderate,sports,1
47,26,15914.416582313683,0,1,770.7776491775595,old,suv,0
35,15,14000.787382658724,0,1,544.3361785294478,new,suv,0
63,44,9652.859195665282,0,1,724.54614547455,moderate,sedan,0
64,46,14302.543518991379,0,1,655.6824062149306,moderate,sedan,0
48,26,12291.544216477865,0,0,666.6586499155859,new,sedan,0
55,33,12304.314489347835,0,1,712.5622895349608,new,sports,0
49,29,20735.337956640626,1,1,574.3718248937556,old,suv,0
28,9,18806.229510922,1,1,850.0,moderate,sedan,1
62,43,8226.003636659709,1,0,783.1880304275354,old,sedan,0
42,21,10660.48489489464,0,0,596.8294046004639,new,sedan,0
50,32,13545.751821789727,0,1,540.9261942276652,moderate,sedan,0
55,36,12437.47107945615,1,2,641.2095838195308,moderate,sedan,0
58,36,16269.673094015165,0,1,668.2258443582042,old,sedan,0
25,7,10025.659688771193,1,0,756.5615259708311,moderate,sedan,0
28,10,18834.12784519446,0,0,533.1279088431675,moderate,sedan,0
39,19,14823.977820232696,0,0,678.5486943199166,new,suv,0
68,49,13637.951821155293,0,0,497.0984975585211,old,suv,0
41,21,14942.722229136907,0,0,693.6357593411119,new,sedan,0
58,39,13329.967705939875,0,1,639.2495779541949,new,suv,0
34,13,6877.429717095586,0,2,843.6679762285763,moderate,sedan,0
29,9,15047.703923085905,0,0,495.3997455780323,moderate,sedan,1
74,54,13717.014445461768,1,0,787.0608381490105,new,suv,0
63,41,11182.171949388989,0,0,479.61686648337815,new,sedan,0
49,29,19389.719325666323,0,0,517.2789725593495,old,sedan,0
32,13,17677.75205357291,0,1,482.29054415278347,new,sports,1
33,11,24755.426826317005,0,1,675.0352608451054,new,sedan,0
71,51,18339.314004769814,0,0,532.6301189246267,new,sedan,0
39,19,12426.259731878894,0,0,515.1668494719462,old,sports,1
45,24,11376.842485592852,1,1,670.2767601623381,new,sedan,0
37,17,13022.77759485458,0,0,695.177538587469,old,suv,0
50,32,12333.48553728542,0,0,,old,sedan,0
27,5,15435.133455415864,0,0,633.7780850978447,moderate,sedan,0
57,39,8844.810491364002,1,0,832.8909632437178,moderate,suv,0
49,27,17589.146256184125,0,1,664.583626624197,moderate,sedan,0
67,46,15364.785477485711,1,0,730.569147392225,moderate,suv,0
50,30,17129.857231154783,0,0,664.2922125689959,old,sports,0
19,0,10423.414091889908,0,1,540.2123711745315,old,sedan,1
50,30,15986.755081344225,0,0,704.9887681902017,moderate,suv,0
50,28,20196.706323478546,0,1,584.4202688530207,moderate,sedan,0
58,38,11557.970995599137,0,0,640.9013861960764,new,sedan,0
30,12,11448.577170091176,0,0,680.5402681893426,moderate,sports,0
47,27,17847.829866869062,0,2,455.8581933113357,moderate,sedan,0
50,29,11123.795793849667,0,0,489.04978761082714,new,sedan,0
30,12,14066.864067370923,1,0,740.9459172497563,new,suv,0
69,49,20902.930715969378,1,1,583.6253553401056,new,sedan,0
43,23,11505.324432309495,1,1,588.3678010891139,moderate,sedan,0
39,20,21177.768395497063,0,3,666.643839737082,old,suv,0
56,34,13656.873032183477,2,0,611.4327402878131,moderate,suv,0
19,1,10515.1946926446,0,0,691.7588381642789,moderate,sedan,1
55,36,17414.81662049051,0,0,644.8878211266956,new,sedan,0
56,35,15430.99253850427,1,1,669.8602950180449,new,sedan,0
43,21,15052.721043546757,0,1,579.8141609757747,new,sedan,1
63,45,11925.126957926539,1,1,669.3594823280928,moderate,sports,0
67,47,15401.811801808459,0,0,760.5089086835444,moderate,sports,0
32,14,6729.4777836466,0,0,593.2251783885802,old,suv,0
51,31,15875.058947139083,1,1,741.5318300272152,moderate,suv,0
59,37,20188.996800744215,1,0,644.843968167735,moderate,suv,0
72,52,7938.285209897173,0,0,723.4481655977938,new,sedan,0
61,40,13372.899134824444,0,1,662.877131835311,new,sedan,0
66,46,11501.440743407784,0,1,646.6589079902074,new,sedan,0
57,36,8955.783864348537,1,0,684.9729682076367,moderate,suv,0
28,6,6788.502318603059,1,1,771.3597562302249,moderate,sedan,0
20,0,10276.656332031458,0,1,673.6097294215076,new,suv,1
23,5,14030.493538454371,0,2,697.8530830908397,moderate,sedan,0
26,5,19596.548193874136,0,0,613.1515086423299,moderate,suv,0
23,2,8909.141960837978,0,0,807.0886473995026,new,suv,0
26,7,16177.571036544827,1,1,714.0337110929672,moderate,sedan,0
56,37,15878.566346468058,0,0,657.7708460025007,old,suv,0
48,29,21687.8518402931,0,0,637.7346327745325,moderate,sedan,0
49,29,,0,0,747.7908269273111,moderate,suv,0
58,39,17514.39797212152,1,1,589.379592295474,new,sedan,1
67,46,17797.2015988716,1,0,471.7124983728667,old,sedan,1
29,9,11303.071938723224,0,0,657.2399599424456,old,sedan,0
25,3,12708.709905678237,0,0,769.0004573114344,moderate,sedan,0
25,7,19467.472649082953,0,0,809.1308811184674,new,suv,0
67,48,6796.800576023408,1,1,639.270605656612,moderate,sports,0
45,23,12270.755711171478,2,1,654.3587663941784,moderate,sedan,0
37,16,9676.762952552002,1,0,701.9530432515955,new,sedan,0
64,46,15936.976168157084,1,0,623.5650581136235,moderate,suv,0
24,2,13313.565658755522,0,1,701.6405948391149,new,sedan,0
28,10,17503.88189995487,1,0,641.4598248931732,new,sedan,0
37,18,14564.019357154473,1,0,751.1368257190179,moderate,sedan,0
33,12,8815.630718785309,1,2,722.2980513097824,moderate,suv,1
21,3,9000.529442949932,1,1,731.0227832302432,new,suv,0
23,1,14975.80592544366,1,0,629.4682355197912,moderate,suv,0
39,20,11915.460131065489,1,0,842.5927320502261,old,sedan,0
43,24,12869.464588890609,0,0,698.3911942379473,new,suv,0
20,0,18753.66168715646,0,1,674.7294053486831,moderate,suv,1
58,36,18036.130707468874,0,1,573.9057019433028,moderate,sedan,0
59,41,22190.935362309432,1,0,640.2928179851447,moderate,suv,0
31,11,13734.657821039742,0,0,661.4379760702636,new,sports,0
28,9,12435.413462188535,0,1,571.23227035757,new,suv,0
35,17,16672.755857715638,0,0,620.7682854230912,old,suv,0
71,49,12756.8221230401,0,0,633.4199981896991,old,suv,0
29,11,12887.75554789705,1,0,655.5920660923218,old,suv,0
40,18,14191.593624272655,0,1,473.7293009958396,old,suv,1
29,8,21610.995823267516,0,0,636.4729459295736,moderate,sedan,0
30,8,17815.863220514508,0,0,612.2653816920068,old,sedan,0
42,20,18235.2816091114,0,1,647.91158503751,moderate,suv,0
62,40,21431.417347232986,0,0,753.5276566180256,old,sports,0
68,48,18610.1318403013,1,2,850.0,new,sedan,0
36,14,10474.37755945985,0,0,717.8377199644627,old,suv,0
72,53,18549.529456564534,0,0,526.5577827933664,new,sedan,0
63,44,19057.01942846103,0,0,615.4593048167466,new,sports,1
53,35,17607.459410772382,1,1,709.5963308831091,moderate,suv,0
62,42,14218.232504828462,1,0,698.3290496429023,moderate,suv,0
25,7,17185.326824007003,0,0,748.7325735453074,new,suv,0
46,27,14919.041114809414,0,1,640.2649005709404,old,suv,0
72,53,11087.646495006202,0,0,613.6499755634494,moderate,suv,0
70,49,12081.465418659369,0,1,825.242400391604,old,sports,0
72,50,17814.89127559713,0,0,655.8670603369637,old,sedan,0
49,30,11376.71928230863,0,0,548.3325623978885,moderate,sedan,0
68,50,11753.785826094943,0,0,797.513365703292,moderate,suv,0
61,43,18013.53783993877,0,0,500.3904508605555,new,sports,0
35,13,15535.156251460421,0,0,300.49547775113945,moderate,sedan,1
23,1,17308.773268750912,1,0,726.9386758037574,moderate,sedan,1
35,14,10083.928253787257,1,0,741.0700971024631,moderate,sedan,0
36,16,17197.718029743053,0,0,691.4012941944691,moderate,sedan,0
39,21,12359.887404357029,0,0,519.7543916007951,new,suv,0
54,32,10932.46405780862,0,0,644.113014475768,moderate,sedan,0
49,31,12978.620431198811,0,0,,new,sedan,0
73,51,20448.25982770991,0,1,596.2710989107611,old,suv,0
58,39,13542.183460204233,0,0,791.2069430809279,new,sedan,0
20,2,23805.562849151742,0,1,545.3333941368311,moderate,suv,0
45,26,6751.287581007413,1,2,681.61044531064,new,sedan,0
27,9,8814.88832407435,0,1,769.4046983662574,old,suv,0
68,48,20296.74094858223,0,1,688.1441525319037,moderate,sedan,0
52,31,21302.418236622936,1,0,774.1118372495374,new,sedan,0
46,27,11546.171051246427,0,1,706.3714722428929,moderate,sedan,0
71,49,15275.574466891418,1,1,692.9349670492029,old,suv,0
32,12,17848.759674013105,0,0,686.6834868832148,old,suv,0
50,32,14082.49725054098,0,0,711.344326665015,new,sedan,0
24,5,15599.46836555111,1,1,611.446090258774,moderate,suv,1
29,11,15043.732052972759,0,0,519.8126148127213,new,sedan,0
66,48,9074.212081388836,0,0,745.4043411463309,new,sports,0
47,29,13621.354856151927,0,1,766.1742300505766,moderate,sedan,0
38,17,15049.46038054613,0,1,675.1978810906044,new,sedan,0
48,27,15412.487336432225,1,0,595.162438036563,old,sedan,1
41,19,8077.975565523638,2,0,494.2282883470362,old,suv,0
37,18,18014.77559821604,0,1,658.5807099923388,new,sedan,0
54,34,15517.974611584379,0,0,515.1049655282029,new,sedan,0
21,1,10778.455114633065,0,1,501.1012497362075,moderate,sedan,1
45,25,22196.25693609461,0,1,647.9268471984308,moderate,suv,0
61,43,13613.661673524723,0,0,573.6230498811985,old,suv,0
37,16,13873.410470980278,0,0,684.5309556164771,old,suv,0
41,22,17566.836980765307,0,0,634.0704397438126,moderate,suv,0
67,49,22536.00455027943,1,2,589.336543377739,moderate,suv,1
66,45,17724.15838417809,0,1,479.5084919271034,old,sedan,0
68,47,18304.43934677548,1,0,564.7111874169642,new,sports,0
49,30,10993.512538038409,0,1,568.3863509948909,old,sedan,1
58,39,15347.838808148677,0,0,527.4692326485037,new,suv,0
53,34,12870.953095313696,1,1,617.0955704757615,moderate,suv,0
70,52,17816.519392197104,0,2,535.2748008825348,new,suv,0
51,29,18187.8631820397,0,0,633.6257252708784,moderate,suv,0
53,34,21532.918066079765,0,1,674.0411213668656,moderate,sedan,0
19,0,6366.632332443476,0,0,567.3830045610822,moderate,suv,0
32,14,12477.687350734719,0,0,692.5408629418584,old,suv,0
51,29,20200.995777008167,2,1,513.8642128752297,moderate,sedan,0
53,33,9393.880612269926,0,0,538.7822601603709,moderate,sedan,0
23,1,18222.604131574688,0,0,638.6782702375231,old,suv,1
56,37,19536.002003258996,1,1,718.7041091888639,old,sedan,0
59,41,14886.640618534158,0,1,,new,sedan,0
68,49,9314.141251373898,1,1,811.2390622157559,old,sedan,0
68,48,14513.921287199048,0,1,612.341112518249,old,suv,0
71,52,20834.725349834895,2,1,637.2498681321696,moderate,suv,0
29,10,21156.069501021666,0,0,546.7324470982013,moderate,sedan,0
20,1,15831.521507110763,1,0,524.6233668008977,moderate,suv,0
62,41,11091.049245140957,0,1,672.8572086327525,moderate,sedan,0
35,15,21953.588776197645,0,1,572.4128500553758,moderate,sedan,0
57,38,18283.691516438837,1,1,773.237920001729,moderate,sports,0
38,19,11353.960125292513,0,0,503.7614268132609,old,sedan,0
32,13,16370.075884562033,2,1,698.6353205824696,moderate,sedan,0
50,32,16186.993923912632,0,1,549.426076118297,new,suv,0
52,31,12452.81959380177,0,1,567.9551533227916,moderate,sedan,0
43,25,16392.427258858843,1,0,703.911206525203,moderate,suv,0
25,4,19424.747352495524,0,0,582.4119563892092,moderate,suv,1
53,34,13815.003204943041,1,0,598.42159324801,moderate,sedan,0
65,45,19833.076366352216,1,0,568.7841636448431,new,sedan,0
47,25,7978.581722719343,0,1,828.5029791613442,old,sedan,0
40,18,23873.067972483463,0,0,588.251368891999,moderate,sedan,0
59,40,15229.405079918726,0,0,655.1552217432763,old,sedan,0
61,43,19292.08397921449,0,1,629.8086399718926,moderate,suv,0
31,11,15874.445946138821,1,0,672.1417061724261,moderate,suv,0
31,10,11705.909532572092,0,1,588.5263053034065,moderate,sedan,0
19,0,14854.493505361983,0,0,629.9182765458349,moderate,suv,0
72,52,7362.115928394973,0,1,689.3952008993936,old,sedan,0
54,34,17753.54772285124,0,1,563.6992861997009,moderate,suv,0
22,1,15775.058314579283,0,3,758.9321356628154,moderate,sedan,1
55,35,14233.77136612702,0,0,768.5480519041632,new,sedan,0
62,44,18010.79828430255,1,0,710.6492626158739,moderate,suv,0
58,40,15150.093046372773,1,3,656.9876383596484,old,sedan,0
71,53,17427.3194891303,1,0,350.9398551795464,old,suv,0
64,44,18849.266315520577,0,0,692.4291132654463,moderate,sedan,0
31,13,12803.087442018406,0,0,610.8669594771136,old,sedan,0
73,52,11658.358870432701,1,0,625.3725588582461,moderate,suv,0
56,36,8109.759700990121,0,2,460.26226694771833,moderate,suv,0
42,20,15490.243195311434,0,2,699.3588485874193,moderate,sedan,0
37,17,16808.389153802753,0,0,505.14189531730455,moderate,sedan,0
19,0,9705.538406043841,0,1,661.8424545991394,moderate,suv,1
56,34,20681.5193921134,0,0,740.4657481909841,moderate,suv,0
23,3,11710.658114589103,0,0,,old,suv,0
34,16,6585.999633097996,0,1,771.605172522844,new,suv,0
42,23,20979.291599569307,0,2,575.300962179282,new,sports,0
74,55,7107.94000006064,0,1,710.0433076731001,new,sedan,0
45,27,18856.7150935337,0,0,519.5214248541472,moderate,suv,0
19,0,17884.47808350341,1,0,753.1130434680523,moderate,suv,0
52,33,16278.216404879508,1,1,737.599038257929,new,suv,0
54,36,12908.900207133745,1,1,696.835792296373,moderate,sedan,0
22,4,17011.189178102308,0,0,610.6715863386189,moderate,suv,1
18,0,19193.9394948182,0,2,509.7999376571888,old,suv,1
57,37,11056.758014098108,1,2,610.9359684780543,old,suv,0
29,11,18905.494691917935,0,1,761.0307175748122,moderate,sedan,0
73,52,18723.498047748977,0,1,662.9961871569116,new,suv,0
53,34,16172.204363686222,0,0,494.696307048755,new,suv,0
62,42,12848.100487675549,0,1,537.5272360580059,old,suv,0
40,21,18741.829459395103,0,1,775.315140085228,moderate,suv,0
64,42,17033.25182465009,0,1,698.7912752127886,new,suv,0
48,30,10936.16134722173,0,1,526.5999879260072,moderate,sedan,0
28,7,13530.57676492701,1,4,473.41685038254064,old,sedan,1
27,5,18276.2197536828,0,1,587.4957865399933,moderate,sedan,1
20,0,15458.322468403378,1,0,464.86412920100804,moderate,suv,0
71,49,19343.931577781303,0,1,634.4165509993,new,sedan,0
31,13,13633.413217406414,1,0,850.0,moderate,suv,0
33,13,11000.418831007599,0,0,490.3043924300828,old,suv,0
27,9,23774.410462440283,2,0,631.3974336793785,old,suv,0
46,26,8276.419669014038,0,0,781.1926575331252,moderate,suv,0
27,5,13000.641610393344,0,0,724.9087858300095,moderate,suv,0
29,7,16118.992002799938,0,0,635.1259285200862,moderate,suv,0
47,26,18944.335565910846,0,0,635.3651329831803,moderate,sedan,0
58,38,17585.797474169045,0,2,534.4090217575421,new,sedan,0
18,0,24245.036019771516,2,2,623.2344229994446,old,sedan,1
22,3,14529.606189367474,0,0,674.344071424013,moderate,sedan,1
37,16,11508.066954597893,0,0,760.511354327409,moderate,sports,0
25,7,14121.215903134202,0,0,587.9824376485244,old,sedan,1
60,39,13720.093882595902,0,0,631.0164871936538,old,suv,0
29,10,,1,0,555.0786519243318,moderate,sedan,0
18,0,11070.04750840288,1,0,672.5325179540505,new,sports,0
74,56,18136.22415300143,0,1,728.3779450308963,moderate,sedan,0
71,53,16483.320837344836,0,1,712.9648013429895,old,sedan,0
37,17,9944.476683703557,0,1,532.9812924557644,moderate,sedan,0
45,24,18872.100303482337,1,2,664.6863209456415,old,suv,0
74,52,11754.073852061982,0,1,582.2687471749812,new,sedan,0
60,39,10268.737990782844,0,1,751.1050015652834,moderate,suv,0
54,35,15349.314815686595,0,1,633.8687277226462,moderate,suv,0
64,42,7968.626202402759,2,0,498.0486661758915,moderate,sedan,0
54,33,17358.012199508994,0,2,628.0197294392267,old,sedan,0
29,9,3644.6386768672255,0,2,695.8472569198881,moderate,suv,0
54,35,10882.54924004545,0,0,674.4006063142799,new,sedan,0
66,47,21300.549284351648,0,1,598.8203986348019,moderate,suv,0
66,47,12253.363163306727,0,0,591.4726610128854,moderate,sedan,0
73,51,12953.659179174807,1,0,551.2495601783684,moderate,suv,0
61,43,20094.660216521752,0,0,610.5250379664694,old,suv,0
73,51,11828.545579710726,1,1,564.4321033474198,new,suv,0
45,24,18053.752725557904,0,0,747.0085986177314,moderate,sedan,0
64,46,19696.752660237285,0,0,559.8862609268384,new,suv,0
32,11,16914.121256599614,0,0,662.2284462362201,new,suv,0
23,5,9220.410708142961,0,0,655.4303903326332,moderate,suv,0
61,39,12584.056563136495,0,1,744.5667447884912,old,suv,0
37,18,25854.479110115986,1,0,758.9368288958372,new,suv,0
67,47,13037.905389873707,1,0,719.5969943281328,new,sports,0
31,12,26945.317502305712,1,0,685.292834329013,moderate,suv,0
19,0,21835.856208119574,1,0,545.1353853905943,moderate,sedan,0
26,8,17076.278157488883,0,1,543.1129912261742,moderate,sedan,1
54,35,16188.937089990064,0,0,565.4309180235051,old,sports,0
37,15,13140.706579491594,1,1,725.1920999627915,new,sedan,0
43,22,14644.349636386152,0,1,657.3329928250636,moderate,sports,0
46,26,12245.103373902906,0,0,736.8657240735563,moderate,suv,0
18,0,14745.494384721589,1,1,750.2802734320082,moderate,sedan,1
72,54,9551.22043446939,2,0,577.4048099700752,moderate,sedan,0
52,31,9336.915947776704,0,1,653.2074327557187,old,sedan,0
23,1,20204.06265061884,1,2,648.700632131641,moderate,suv,1
54,34,8550.761056082334,0,0,617.2212310375785,new,sedan,0
70,52,18544.552613976528,3,0,596.5157145475289,moderate,sedan,0
22,0,7422.471216296368,0,0,768.4755503411056,moderate,sports,1
50,28,17518.55041210236,0,0,655.1971726715501,new,sedan,0
66,47,14169.66261942784,0,0,651.3144788559767,moderate,suv,0
68,49,20285.264811213616,0,1,569.7222325131404,old,suv,0
31,13,13672.022164479695,0,1,717.5212430413504,moderate,sedan,0
29,7,6961.839779314133,0,0,549.4892499161986,moderate,sedan,0
59,40,14247.854856453327,1,0,695.4905528844682,old,sedan,0
37,17,15638.6422621917,1,0,698.2229360055162,moderate,sedan,1
70,50,14472.089431872842,0,0,608.7484950676431,moderate,sedan,0
67,45,17300.431283959082,1,1,681.765208118318,moderate,suv,0
41,22,12742.447605177107,0,0,668.5669559044487,moderate,suv,0
60,42,9946.387349817574,0,1,646.0639375189851,new,suv,0
51,33,11001.404462743105,0,0,651.2943980145233,moderate,sedan,0
42,24,12936.93062188185,0,0,656.1781823193521,new,sedan,0
67,47,12902.605535006585,2,0,662.9911672672048,old,sedan,0
46,27,24624.489432013084,0,2,656.0242031343706,new,sedan,0
74,55,20020.421666332335,1,0,539.6135809787859,new,sports,0
56,36,17746.83681739426,0,1,634.7789048994396,moderate,sedan,0
48,30,16784.05004291415,2,0,676.4948601196872,old,sedan,1
73,55,16199.088942408545,0,0,659.7288728539291,moderate,suv,0
64,42,16220.002180838914,0,1,745.3750259395139,old,suv,0
60,39,15653.144212320529,1,1,712.0086589499455,moderate,sports,0
67,48,15160.476329746314,1,0,562.9590464946864,moderate,sedan,0
40,21,6632.543621796531,1,0,633.3372891945605,old,sedan,0
61,42,13523.490907710026,0,1,618.8663346552812,new,sedan,0
55,34,14038.796779407008,0,1,649.5651513372816,old,sedan,0
37,15,12004.107610919818,1,1,649.70186001613,old,suv,1
40,19,12775.61225508479,0,1,711.1521669239849,old,suv,0
62,44,16202.996068723181,1,1,667.7328363141144,old,suv,0
69,51,18070.360307799838,0,1,,old,sedan,0
33,14,16196.945847673764,0,0,674.100313766236,new,sedan,0
67,47,17969.776954587825,1,0,566.9409479662723,moderate,sports,0
59,40,18040.43212325876,0,1,603.2719379831781,moderate,sedan,0
72,52,13801.177625888586,1,0,710.3789070731758,new,sports,0
25,4,17101.229850008604,0,2,488.5831735494314,moderate,suv,0
67,49,8014.51008150528,0,1,515.4119585239955,new,sports,0
38,18,13462.699092564912,1,2,,new,suv,0
18,0,12992.593642134801,2,0,745.0922118521166,old,sedan,0
72,54,21125.307209256927,1,1,780.7035431954878,old,suv,0
25,5,16348.349170934724,0,0,628.2894252978228,old,sedan,0
46,27,9662.183675388336,0,1,756.0828686985884,old,sedan,0
49,30,17378.335219102228,1,1,657.2267909768898,moderate,sedan,0
55,36,18639.13338040465,0,0,496.8585017756769,old,sedan,0
22,1,14641.344313841464,0,0,649.192346352163,moderate,sedan,0
64,45,17761.023716491214,0,2,588.109187537845,old,sedan,0
39,17,5017.170464870142,0,1,741.823088047774,new,suv,0
64,46,4202.710602270801,0,0,647.4324739645514,old,sports,0
51,30,10285.323054809913,0,1,522.2086893443529,moderate,suv,0
18,0,15596.158802499991,0,1,500.02851890914405,moderate,sedan,1
72,54,21128.65507843419,0,0,647.9020042585549,moderate,sedan,0
72,52,10494.289244468977,0,2,407.97825285402945,old,sedan,0
43,24,11585.290366848252,2,4,,old,suv,1
60,42,15354.425562898994,0,1,673.1030325742842,new,suv,0
27,5,13030.72482008386,2,0,544.2983495944642,new,sedan,1
47,27,12803.236922812706,0,0,749.398715690533,new,suv,0
67,45,13314.10065027483,0,0,769.1006549750692,new,suv,0
35,17,20259.153966076068,0,0,548.3299047248048,moderate,sedan,1
34,12,19464.537154952486,0,0,620.1955825803514,moderate,sedan,0
43,25,15093.877289170463,1,2,749.4693151321471,moderate,suv,0
25,7,21617.921095678576,1,0,649.8692465744911,old,suv,1
64,42,17036.113416271903,3,5,510.55214219009804,moderate,sedan,1
57,39,19615.576538153964,2,0,635.6678931435647,moderate,sedan,0
66,47,11557.813709805485,1,1,564.707167770416,new,suv,0
29,11,12385.291785007768,1,1,760.8197896425886,old,sedan,0
44,23,12342.470834016125,0,1,710.5932094324589,old,suv,0
25,7,14653.111003434,0,0,618.6243054734372,moderate,sedan,0
42,21,15239.652948365045,0,1,664.214801253004,moderate,sedan,0
63,45,16296.709234387983,0,0,519.1878423027514,new,sedan,0
21,3,22892.41947232762,0,3,574.6222541442388,old,sports,1
50,28,17885.112516996192,1,1,805.3279187692493,moderate,suv,0
18,0,12940.833202001373,0,0,655.3514652579668,moderate,suv,0
36,17,14986.902483776707,0,2,743.0085804791365,new,sedan,1
48,28,21019.76875646082,0,1,673.2013088408029,new,suv,0
33,11,18127.51937041649,0,0,781.4281843029524,new,suv,0
31,9,20967.12865369624,0,0,450.11624674007805,new,sedan,0
70,51,13069.266945410602,0,0,631.1782415980994,new,sports,0
65,43,12153.353845694777,0,0,814.4781646216389,new,suv,0
22,3,12211.82119456231,0,0,,moderate,sports,0
58,36,13392.05403545546,0,1,782.5372258790192,moderate,suv,0
43,25,10746.867960918025,0,0,649.3235406343509,moderate,suv,0
45,26,16180.77224683368,0,0,596.2893584586617,moderate,sports,0
19,0,16249.548973646579,0,0,547.2835540312071,moderate,sedan,1
67,46,20355.11188168425,1,0,540.307190833849,moderate,suv,0
23,1,7958.949997679964,0,0,730.7060562208519,moderate,sedan,0
26,4,11223.48977415032,0,0,701.3211050420852,old,suv,0
50,31,18222.321898122907,1,1,643.342655066964,old,suv,0
58,40,15733.892474846269,2,0,700.819065485168,moderate,suv,0
42,24,15179.20982555176,1,0,664.2451759052061,new,suv,0
65,47,20055.415359640483,0,0,746.2217701399484,old,sedan,0
30,8,10960.18318929536,1,1,745.268675490817,old,suv,0
26,5,12085.08242938391,0,0,543.4125899515158,new,sedan,0
70,51,11613.952622225555,0,0,,new,sedan,0
30,10,6948.367824426574,0,1,483.11332498059176,old,suv,1
48,27,15531.27013366506,1,1,663.3020738090596,moderate,suv,1
58,38,12908.589651854852,1,0,710.4304279701586,old,sedan,0
28,7,12068.396766032889,2,1,518.6280655206839,new,sedan,1
21,3,11346.299494730789,0,1,608.3537264539168,old,sedan,1
51,29,14929.013230326425,1,0,650.9526377219802,new,suv,0
55,35,11805.841941764957,0,0,,moderate,suv,0
63,42,15886.270110432955,0,1,622.1396296775165,old,sedan,0
21,0,,0,0,532.7711847595328,new,suv,0
55,35,13821.689438000018,0,1,644.5992798080741,new,sedan,0
36,17,13550.129440962299,0,0,484.7756433059022,old,suv,0
23,2,15741.96400127396,0,2,626.7358563317855,new,sedan,0
51,32,14884.601119462926,1,1,605.8626386303071,new,sports,0
35,17,20320.637421418913,0,2,636.5734326560579,moderate,sedan,1
30,11,16273.06215024082,0,0,594.0678022524318,moderate,suv,0
58,39,19382.344001097237,1,1,499.23191618438,moderate,suv,0
40,19,17442.044009436057,0,0,613.3656679410487,old,sedan,0
36,18,9726.327439494442,1,0,743.0820125037319,moderate,sedan,0
62,43,12766.940496777406,0,2,776.1460803988805,moderate,sedan,0
28,6,14807.610307829367,0,1,850.0,moderate,suv,0
18,0,18473.777242383727,0,2,819.1650408397663,old,sedan,1
41,22,22711.251989754288,0,0,530.3062073331896,moderate,suv,0
71,53,13063.411476451158,0,0,609.1562398727341,old,suv,0
24,5,15221.024393146705,0,0,647.7214365162223,old,sedan,0
42,22,18199.645126753545,1,1,641.44401657663,moderate,sedan,0
38,20,14768.689966776434,0,2,656.9533329896226,moderate,sports,0
32,11,21576.387111409844,0,0,850.0,moderate,sedan,0
18,0,9608.852099149964,0,2,541.7948454207602,new,sedan,1
29,8,17712.07966186797,1,1,578.6468863785701,new,suv,1
24,6,17672.85301774455,0,0,814.3825930089092,old,sedan,0
32,12,19608.15479325492,0,2,588.4018656915148,moderate,sedan,0
38,18,15248.205395291978,0,0,689.3580650335716,moderate,sedan,0
36,18,18566.08487362332,0,1,753.4657369868208,moderate,sports,1
46,27,14003.443015041754,0,0,698.649901673203,old,sedan,0
42,22,11794.434918949642,1,0,669.1765633102492,new,sports,1
50,29,11211.187955361982,0,0,743.8610769693984,moderate,sedan,0
66,45,9234.391250498307,0,0,560.693144349503,moderate,sedan,0
49,27,,0,4,600.3636870503999,old,sports,1
66,45,16245.953508228255,2,3,703.5637588465164,moderate,sedan,0
52,30,14167.471615662978,0,0,443.0560740785749,old,sedan,0
61,43,15791.864399894219,0,0,791.6583823344693,moderate,sedan,0
55,37,19939.51606954535,0,0,680.3392375197781,old,sports,0
43,25,12930.053806697219,1,1,665.303175278115,old,sedan,0
28,9,24361.18599218123,0,1,,moderate,suv,1
52,33,18020.97199596229,0,1,521.3390874600262,moderate,suv,0
25,3,14212.29710969906,1,0,610.1416335699138,moderate,sedan,0
63,42,14121.591623097705,1,0,730.7429850295599,old,sedan,0
31,10,10967.480172892601,1,1,,moderate,sports,1
27,9,14897.13214045159,0,1,728.8364800777356,moderate,suv,0
19,0,6353.615467045853,0,1,613.9968675891633,moderate,suv,1
63,44,20023.064701074236,0,1,627.6576527258349,moderate,sedan,0
26,7,3733.556799930928,0,1,675.3592941690806,new,sedan,0
20,2,15167.003893471394,2,2,676.9317237846411,new,suv,1
38,19,10424.043994706513,0,0,578.7571410063402,new,suv,0
43,25,12195.285392305428,1,1,712.4910088468843,new,suv,0
25,3,12711.392268309823,0,0,418.0601860103561,moderate,sedan,0
65,44,22702.50450984778,1,0,604.9581113432346,old,sports,0
19,0,10586.997178118641,0,0,665.3681763176904,moderate,sedan,0
23,2,18657.038179176492,0,0,615.5050684785525,new,sedan,1
45,24,19641.607317069367,1,0,467.3089696034018,moderate,sports,0
70,48,5646.287199027609,0,1,725.8027378760471,old,suv,0
46,27,12538.588932954264,0,1,,moderate,sedan,0
43,23,,0,0,643.248599247171,old,suv,0
42,23,,0,2,665.3034597067623,new,sedan,0
29,8,19793.104146578546,0,0,651.9827153765367,new,sedan,0
22,4,14928.533674395658,0,2,766.9010925863815,moderate,suv,0
51,30,14755.610681729273,0,0,644.6737440006314,moderate,sedan,0
65,46,15277.966450878534,1,0,692.745540469694,old,sedan,0
54,33,16370.287326125826,1,0,644.4095966848759,old,sedan,0
32,14,11177.447261223027,0,0,711.2956084166275,moderate,sedan,0
61,39,13958.321867389845,0,2,789.3495297047523,moderate,sedan,0
53,34,16482.393655920845,0,1,663.7541829472194,moderate,suv,0
32,11,15707.543357720033,0,0,728.1850357582999,old,suv,0
60,41,16396.902250177867,2,0,795.5328934882198,moderate,sedan,0
65,43,12125.251823404466,0,0,785.7184246974272,new,suv,0
40,19,17529.1968391332,1,0,611.471059638879,moderate,suv,0
23,2,15505.902701953499,0,1,753.6432355745168,old,suv,0
63,44,8677.19979330431,2,1,674.8771160047193,new,sedan,0
67,48,12874.513932132086,0,0,761.7229997733914,new,sedan,0
61,43,11417.98191876558,0,1,706.863458356295,moderate,suv,0
60,38,11366.487628117255,2,0,677.5668076036188,old,sedan,0
62,44,13094.079478194275,1,2,693.3972080346355,moderate,sedan,0
38,17,17453.887746767115,0,0,675.5237956038932,new,suv,0
40,21,12492.831001759769,1,1,679.433304513651,moderate,sedan,0
60,39,15900.231541031757,0,1,634.1167639418092,new,sports,0
72,51,15244.65027140366,0,0,624.8275659392483,new,suv,0
33,13,11883.790382773239,1,1,826.3174929372669,moderate,suv,0
64,44,13620.739477330819,0,0,697.7527911111184,moderate,suv,0
70,49,18459.396893195655,1,2,592.66950777686,moderate,sedan,0
32,13,15599.225227764342,1,0,622.2582568570357,new,suv,0
42,21,17195.31144560422,0,0,755.6258453447952,moderate,suv,0
53,33,20089.98617563112,0,0,576.381328991138,old,sedan,1
28,9,16739.748216712305,1,2,501.7972318188989,moderate,sports,1
68,47,7317.244532458711,0,0,509.1550859397955,moderate,suv,0
32,10,16082.390864462615,1,1,,new,sports,1
21,0,12527.554273305703,2,1,520.1185141735542,new,suv,1
38,17,22241.21044001665,0,0,531.913406019919,old,sedan,1
30,11,16597.077630456704,0,0,788.5237379608138,moderate,sedan,0
39,18,12610.246810109815,0,0,,moderate,sedan,1
36,15,17266.04771776476,2,0,613.6736460863283,old,sedan,1
51,31,15363.16361186843,0,1,505.65869369814266,moderate,sedan,0
31,9,8128.170745120771,0,1,635.687360252866,old,suv,0
21,1,,0,0,,moderate,suv,0
65,45,13377.840343731687,0,0,613.0582828713635,new,sedan,0
70,49,20682.473171096033,0,0,,old,suv,0
69,49,14502.276863424759,0,1,716.3803578706365,old,sedan,0
63,41,20757.173935341874,0,0,629.020183964547,new,suv,0
44,24,16699.59259962326,1,1,719.8123605406356,old,sports,0
46,24,18896.49347718372,1,0,597.8456821872431,moderate,suv,1
64,44,13032.72203806868,1,0,569.9322257120812,moderate,sedan,0
45,23,16412.02472218598,2,0,820.4129629532843,new,sedan,1
52,32,8095.060863951733,0,0,535.7725346079726,moderate,suv,0
25,5,14491.85238849983,1,0,614.5878764322649,new,suv,0
33,14,9061.87383227577,2,2,680.603328236351,moderate,sports,1
59,37,10428.091436587601,0,0,556.3765794242552,new,sedan,0
53,31,11436.7829370215,0,0,715.060495363141,moderate,sedan,0
47,25,17641.683743765247,1,1,619.3405475357747,moderate,sedan,0
35,17,14410.559460974848,0,2,716.3910327566857,old,suv,0
19,0,15125.708037415383,1,1,708.5984179750518,new,suv,1
66,44,14301.649103088967,0,0,625.698786937417,old,sedan,0
30,12,19322.88199554795,0,0,821.0658672590985,moderate,sedan,0
21,2,15016.167831292643,0,0,583.4664196566558,old,suv,1
43,21,15995.348315005514,0,1,784.8870470548737,moderate,sports,0
42,20,12718.987228687642,1,0,767.4933242628041,old,sedan,0
47,29,19597.63717466499,2,1,827.0882207660441,moderate,sedan,0
28,8,19897.557147211617,0,0,667.4056039343021,moderate,sedan,1
24,5,14852.444187724384,0,0,571.141428807201,moderate,sedan,0
48,26,12662.819881278076,0,2,850.0,old,suv,0
61,41,8536.094665131775,0,1,616.5298532023636,old,sedan,0
27,8,11525.614277457167,1,0,568.6457427294464,moderate,suv,0
56,35,6331.63975389697,1,0,631.0213254095187,new,sports,0
30,9,11357.429919648022,0,1,551.8309283842923,old,sedan,1
48,29,16427.88038958107,1,1,702.6148825123346,old,suv,0
24,6,14798.40019760391,0,0,589.4331618241488,moderate,sports,0
73,54,24293.06793781891,0,0,621.2515830095128,old,sedan,0
66,47,13515.773140798457,0,1,746.7778861664963,new,sedan,0
59,41,13203.47303618223,1,0,712.3693210176192,old,suv,0
59,41,19251.078398115198,0,0,651.5584572569659,moderate,suv,0
73,53,7292.254847017782,0,1,667.0873528746982,moderate,sedan,0
53,33,9072.93110968205,1,1,651.2255430631542,moderate,sedan,0
37,19,17655.365445021864,0,2,606.8844933582635,moderate,suv,0
21,0,14218.303188122516,0,0,649.7473339152212,moderate,sedan,0
71,50,14310.015862410175,0,0,699.0841625492943,old,suv,0
24,5,11251.39536866271,0,0,637.383787102116,old,suv,0
71,49,15959.080694330572,0,3,691.9767630230274,moderate,suv,0
18,0,11767.906981414275,0,1,566.3331221576952,old,suv,1
61,42,15290.973314788931,0,0,589.6106348854295,moderate,suv,0
73,51,10366.06575258706,0,1,576.5679496726025,old,suv,0
62,44,14270.412050469773,2,1,593.4868628207594,old,sedan,0
59,38,23099.475761983387,0,1,778.7181046706091,old,suv,0
64,45,13300.256841049904,1,3,722.603879311036,new,suv,0
30,8,14472.967247232882,0,1,542.3076881315654,moderate,suv,0
72,52,14189.90801012367,1,1,693.7498296408455,moderate,suv,0
39,20,15698.125633377938,0,1,610.941768735143,moderate,suv,0
71,50,,2,0,581.7615414528434,moderate,sedan,0
38,20,16028.95100270609,0,0,501.4260534277493,old,sports,1
39,20,16117.263367090018,0,1,747.1918693820244,moderate,sedan,0
45,26,14276.666462404592,0,0,513.6136850332862,moderate,sports,0
26,4,15401.158890028155,0,0,644.8036821990125,new,sedan,0
43,23,14144.178283249801,0,0,555.3688754275131,moderate,sedan,0
26,6,7750.5651742915215,0,1,727.5843947069925,moderate,suv,1
32,14,25522.460039407488,0,0,616.564817368605,new,suv,0
27,6,17912.690998188868,0,0,636.5537344479656,new,suv,0
41,23,11082.723178861796,2,0,639.9265737069967,moderate,sedan,0
74,55,15920.2416175336,0,0,680.2570334935783,new,suv,0
59,40,,0,0,651.3004763983309,new,suv,0
25,5,13023.193803349179,1,1,645.6726811038884,old,sedan,0
41,20,9072.045835496818,1,3,598.1598024745222,old,sports,0
33,11,14795.260617438289,0,0,492.5270626657907,moderate,suv,0
66,45,8674.579095479772,0,0,538.1449040458144,moderate,sedan,0
43,24,16553.69157725146,1,0,721.8479738680645,old,suv,0
44,22,17728.88432365132,1,0,619.4180536673703,new,suv,0
54,33,11692.0776016655,0,1,583.599022227752,moderate,suv,0
21,0,15643.576816796249,2,0,509.4271855581955,moderate,sedan,0
67,45,11480.14259191036,0,0,478.0352859909648,old,suv,0
41,22,17046.92385707963,0,2,579.6793119871802,old,suv,0
36,15,12245.527805750162,0,0,738.8052854045258,moderate,sedan,0
53,31,18155.880500187683,2,0,594.2929806377681,moderate,sedan,0
56,37,7753.632718660043,0,1,690.0485525241447,moderate,suv,0
27,5,10980.096339600452,0,1,589.6940170602043,old,suv,0
42,20,10564.734714853817,1,1,713.8866696028849,old,suv,0
35,14,15813.415033619991,1,2,614.8249198191331,moderate,suv,1
36,17,17220.35879776635,1,0,526.8115754449503,old,suv,1
53,32,16122.549467130748,0,0,623.1046932100556,new,suv,0
27,9,12964.093886437186,0,1,833.4000418280407,moderate,sedan,0
50,32,3819.651736232321,1,0,828.9884315550855,new,sedan,0
72,53,15154.809179030253,0,0,698.6533302779364,new,suv,0
67,45,18152.196337268277,0,0,636.2941184586298,moderate,suv,0
22,1,25722.03548653298,0,1,680.3901802095083,old,suv,1
64,43,13302.419117157355,0,0,681.6852338733289,moderate,suv,0
66,47,12338.737956263652,0,0,646.0113247632898,moderate,suv,0
52,33,16281.019125152616,0,0,694.0944019922617,new,sedan,0
61,43,13975.366227114215,0,2,670.8226862153564,moderate,suv,0
51,31,20101.49362905283,0,1,618.4027614635686,moderate,sedan,0
50,31,11767.245367007446,1,1,530.4743200616357,moderate,suv,0
72,52,14004.609124035882,0,0,603.9940757779834,moderate,suv,0
38,19,18504.852297089383,0,0,729.9518849073597,moderate,suv,0
34,12,16233.457250527543,0,0,646.8537775504635,moderate,sedan,0
39,17,19644.830687032114,0,0,680.0286891587505,moderate,sedan,0
65,47,13253.735794281336,1,1,621.6984472295587,new,sedan,0
54,36,20053.138009474816,0,0,544.0402494989376,moderate,suv,0
32,12,8344.638506892177,0,1,626.1370285128177,moderate,sedan,0
52,33,8504.77875411039,0,1,547.7544099250649,moderate,sedan,0
45,24,20116.159665837014,2,1,541.3710826396449,moderate,sports,1
24,6,15029.398301858999,1,0,770.563660886941,old,sedan,1
49,28,18683.263463519983,1,0,607.9913995065783,moderate,sedan,0
28,7,15397.883832436602,1,0,575.8515274539966,moderate,suv,0
27,8,14971.8363658772,0,1,811.7959684380905,old,suv,1
26,6,9687.9165635031,1,0,731.4985035404242,moderate,suv,0
31,12,14892.641726731392,1,0,612.8490774498161,new,suv,1
30,12,20446.428945267005,0,0,692.7636325552369,moderate,sedan,0
74,53,15226.681176286687,0,1,626.4211681739297,new,sedan,0
42,23,17728.312782960907,0,1,580.73203207204,new,sedan,0
19,0,17617.49583757447,0,3,697.4691224485005,old,sedan,0
52,33,10949.167933353474,1,0,617.5698114679797,old,suv,0
24,6,18428.521327010872,1,3,657.5498008999404,old,sedan,1
38,18,13745.08510776061,1,1,752.1363234899671,moderate,suv,0
35,16,13961.390366821222,1,0,741.1213103795377,old,suv,0
20,2,23390.780756021304,0,0,594.9906708143924,moderate,sedan,0
59,38,17389.213467326077,0,1,698.6031602287086,old,sedan,0
71,49,12445.991902891166,0,1,537.2143753854244,moderate,sedan,0
56,38,15258.15225203889,3,0,695.0414161315705,moderate,sedan,0
58,36,15146.479705432892,2,2,664.8495305801106,new,suv,1
66,47,21744.372617355977,0,0,687.8979362363431,moderate,suv,0
28,9,15157.842321856418,0,0,620.2555245355767,moderate,suv,0
56,38,23831.99461332387,0,0,850.0,moderate,suv,0
41,19,9813.069210319842,0,0,559.8700292379685,moderate,sedan,0
63,44,14870.588985317223,0,0,747.1551710968462,moderate,suv,0
36,15,11948.57823121378,1,0,546.8301680231668,moderate,suv,0
21,1,13020.6855783215,0,0,700.4344174629321,moderate,sedan,1
43,23,13107.513981562577,1,1,,new,sports,0
55,36,12154.773280004492,1,0,655.4975871562285,new,sedan,0
59,37,21920.687219942483,0,0,600.4675589456295,old,suv,0
49,30,20690.241315370055,0,1,664.1134890745299,moderate,suv,1
56,34,16610.578045856488,0,0,,new,suv,0
62,41,13102.592420442516,0,0,,old,sports,0
63,41,12267.067828889249,0,2,562.7659714699704,new,sports,1
53,34,17967.234965911073,1,0,594.4086503685999,moderate,suv,0
57,36,16200.6038049447,0,1,678.4735557069337,old,suv,0
54,36,14420.696185601659,0,1,624.3946209604749,moderate,sedan,0
50,30,17164.772029201722,1,0,639.99589622694,old,sedan,0
53,34,18564.28216364197,0,0,757.035183536376,old,suv,0
20,1,14383.839879892112,0,1,367.9733496570765,old,sedan,0
26,7,11850.696349247684,0,0,590.2050654982189,moderate,sedan,0
25,4,9715.53733269195,0,0,475.763077374875,moderate,sedan,1
50,32,16002.526697365854,0,1,530.4183563095929,moderate,sedan,0
23,1,23668.98389253198,0,0,850.0,old,sedan,0
58,40,10557.346920195025,1,0,709.8168133952756,old,sedan,0
56,35,,1,2,745.1564925058104,old,sedan,0
21,2,12297.775362612843,0,1,641.9470350213569,moderate,sedan,0
30,10,13103.873856347655,0,0,725.8713824831909,moderate,sedan,0
66,47,18659.693920471324,0,1,473.3435492479751,moderate,suv,0
19,0,13978.967373351215,0,0,753.8298411769601,new,suv,0
22,2,15993.039185961918,0,1,568.01558814401,old,suv,0
61,42,15916.379024849457,1,0,596.8684180674087,moderate,suv,0
44,24,12304.20935294637,1,1,700.5151070454652,moderate,sedan,0
49,31,18580.390223680795,0,0,681.6446758582215,old,suv,0
38,17,14753.671251068838,0,0,658.4620048393549,new,sports,0
25,6,9445.959004331035,1,2,513.6903846419682,old,sedan,0
55,33,,0,3,659.9813668821641,new,sedan,0
25,7,3000.0,1,0,746.0561353483229,old,suv,0
67,48,15207.968128698578,0,0,596.7512903900206,moderate,sedan,0
20,2,20216.265853395347,0,0,781.4937045340296,new,sports,1
71,49,10811.40068888017,0,1,562.730806408599,moderate,suv,0
61,42,17342.15303335398,1,1,650.6547891718374,old,sedan,0
20,0,16722.269536247633,1,1,803.5327733376613,moderate,sedan,1
39,19,11992.48989764997,0,0,581.860008730039,moderate,suv,0
23,1,21146.13662527268,1,0,755.3985483377073,old,sedan,1
19,0,13909.358239100333,0,1,847.4652362221809,new,suv,0
40,21,23041.073519346213,0,0,667.104406892415,old,sedan,0
61,41,8457.284123999112,0,0,597.2983012616693,moderate,sports,0
19,0,13923.457793635029,1,2,572.7261197049977,moderate,sedan,1
55,36,14398.991903933373,1,1,780.4602703347325,moderate,suv,0
34,13,14837.547914717275,0,1,777.669419933965,moderate,sedan,0
52,33,17865.323937153124,0,0,794.9309122868675,new,sedan,0
51,31,28592.5092706516,2,1,646.7161649344052,moderate,suv,0
40,19,16820.26461413903,0,0,753.7806941527105,moderate,sedan,1
47,26,15096.960970501908,0,0,,moderate,sedan,0
69,50,10615.201905729911,0,2,561.6944878391641,moderate,sedan,0
25,3,7439.574109384985,0,0,762.4176785112353,moderate,sedan,0
39,17,19681.04332547235,0,3,813.3870278278205,moderate,suv,0
61,40,12812.863376337162,0,0,547.939802721868,old,suv,0
53,34,,1,0,546.0569037099331,moderate,sedan,0
22,0,18472.846473542224,1,1,653.9981934230125,new,sedan,0
30,11,16366.237893791853,0,0,745.6128605741,moderate,sedan,0
46,27,16576.515583568438,0,0,536.6180806246047,moderate,suv,0
48,27,16615.907060221864,0,1,672.7015736955906,new,suv,0
64,43,12221.73221854492,0,1,590.9573045940248,moderate,suv,0
74,56,7993.989184718597,1,1,720.0829099825003,old,suv,0
72,50,12797.259493936643,2,1,570.211317850411,moderate,suv,0
33,11,14926.575103225052,1,0,727.180300027418,moderate,sedan,0
59,37,12408.730795087642,1,1,634.1785189182292,old,sedan,0
47,27,9855.665800160205,1,1,556.2859476318957,new,sedan,1
74,55,12007.1587401501,0,0,656.3689955426888,moderate,sedan,0
72,51,19142.929867891766,0,1,456.2026685511647,moderate,suv,0
33,11,17992.78313757659,0,1,594.090542789506,new,suv,0
29,11,15685.639183614021,0,0,683.7401070324662,new,suv,0
34,12,17348.391705201182,0,0,472.8245220968105,moderate,sedan,1
33,14,10472.266129622669,1,0,392.88631468945886,new,suv,1
29,10,11818.300832980776,0,2,416.0632680186833,moderate,sedan,0
25,4,16244.060297512766,0,0,782.712855550037,old,sedan,0
37,17,10981.964676268706,0,0,642.324098723727,old,sports,1
20,0,15433.59299235284,0,0,596.7534605992813,moderate,sedan,0
33,11,9949.901623788905,1,0,744.515473566683,new,sedan,0
47,29,8401.548282265547,0,0,609.5550317530889,moderate,suv,0
62,41,17944.31502417951,0,1,676.8461899866732,moderate,suv,0
40,20,19108.18340871104,0,1,652.5755350923263,old,sedan,0
45,24,12476.716024370233,0,1,602.9000579247022,old,suv,0
68,49,8918.149670116454,1,1,679.4145883889106,moderate,sports,0
57,35,6166.511243948391,0,1,727.3261221420145,new,sedan,0
71,49,22368.00059813772,0,0,631.5093382983013,old,sedan,0
22,0,15445.56341401984,0,0,603.9444426845386,old,suv,0
37,15,12568.02681132701,1,0,615.7487592000547,moderate,sedan,0
57,35,13544.353744690085,0,2,420.2087467214268,moderate,sedan,0
73,51,7346.670999404279,1,1,678.3059546508912,moderate,suv,0
61,43,17479.593895064925,1,1,529.0888711011448,old,suv,0
18,0,23000.430767541337,0,1,712.9718724118924,new,sedan,0
74,52,11868.97196448249,2,1,640.9575899324706,old,sedan,0
47,27,24533.82814658746,1,0,660.512109653044,new,suv,0
38,16,14534.380402155597,0,0,720.0329170606202,old,sedan,0
37,16,21667.01251417468,0,0,557.3476233659065,moderate,suv,1
23,1,16228.88417718276,0,0,686.9248443350957,new,suv,0
39,20,16224.524756019982,1,0,676.7621052562665,new,sedan,0
35,17,22375.702970061146,0,1,631.5219167357207,moderate,sports,0
25,4,18130.815754407402,1,1,557.1813799236462,new,sports,1
56,35,16499.392313331282,0,0,709.5238364055164,moderate,sedan,0
49,30,7234.652647712579,0,1,720.3454544419316,moderate,sedan,0
50,28,8971.16573657506,0,0,661.3602025977884,new,sedan,0
70,52,16834.219896075683,1,1,542.9697584285356,moderate,sedan,0
33,12,20871.133221484968,0,1,597.2550967074546,moderate,sedan,1
29,11,15513.804268985172,1,0,643.9667277579933,moderate,sedan,0
55,34,12634.781444484217,0,2,718.8494549982094,moderate,sedan,0
69,47,7643.318443313572,1,2,491.65105988868834,moderate,sedan,0
51,30,11865.65977006487,0,0,593.6196535695624,moderate,sedan,0
31,10,15523.924516788144,0,1,609.7327440057798,new,sedan,0
53,33,11574.173391016955,0,0,641.677842059697,new,sedan,0
50,28,11142.214918410136,0,0,519.8674715975153,new,sedan,0
40,21,14795.530946093446,0,2,628.2467221626666,moderate,sports,1
67,48,20793.64668048956,1,1,618.951643568741,moderate,sedan,0
62,40,17738.87755155367,0,0,546.2408128510343,moderate,sports,1
19,0,16143.487141480464,1,2,638.2032415831316,old,sedan,1
58,36,15753.945523041684,1,0,595.8830903214498,moderate,suv,0
38,19,,0,0,699.5586142509708,moderate,sedan,0
19,0,14559.47369686924,1,0,561.4672438995661,new,suv,1
44,25,13355.673529286065,1,0,658.9834122128456,moderate,sedan,0
74,53,17952.775837033085,0,0,569.1611162770732,moderate,sports,0
26,4,14098.418871350706,0,1,,old,sedan,0
18,0,10245.610390129463,0,1,679.7291627705406,old,sedan,1
28,10,20773.200040519154,1,0,673.4717732842156,old,sedan,1
20,0,7520.290819807669,1,1,608.2977817421639,old,suv,0
69,49,21073.291298269258,0,0,623.0589381667332,moderate,sports,0
40,21,17025.820986031053,0,2,504.6393554890476,moderate,sedan,1
43,23,11123.397069042694,0,0,790.27643105807,old,suv,0
21,3,,1,1,718.7456397878028,old,suv,0
35,13,13284.54639721093,0,0,715.1448050871106,moderate,suv,0
72,50,18230.902913420192,1,0,490.4967783043785,moderate,suv,0
23,3,18151.725009984213,0,0,590.4510007510713,old,sedan,0
52,32,16845.454084320372,0,1,616.5453971076378,moderate,sedan,0
39,20,17985.532323934258,0,0,456.89385079659877,new,suv,1
60,39,14540.670299655116,0,0,738.9950096076086,moderate,sedan,0
32,11,,0,1,795.3884488548136,new,suv,0
39,20,19894.427533830505,0,2,850.0,moderate,suv,0
54,33,13091.977126714573,1,0,545.4116172482263,old,suv,0
69,51,18243.4468641329,0,0,661.7323496834274,moderate,sedan,0
59,38,17894.32914364023,0,3,782.2818269150421,old,sedan,0
29,10,13960.953378849295,1,0,624.6381521053046,old,sedan,0
64,43,13646.973423011692,2,0,593.3012086157322,old,sports,0
66,44,19858.032047111214,1,0,463.39823264555093,old,sedan,0
59,39,14941.224987897762,0,0,763.2622457771749,moderate,sedan,0
55,37,16040.687561345816,0,0,648.0739243926635,moderate,sedan,0
35,13,20604.416261856328,0,0,577.0658141036938,old,sedan,0
62,40,25133.356002791374,0,0,678.385728982886,moderate,sedan,0
52,33,12893.500212077744,1,1,665.3005373178665,moderate,sedan,0
47,27,14116.398996315573,1,1,666.8259102354591,moderate,sedan,1
41,21,15296.016047771462,0,0,628.2901937673324,moderate,sports,0
59,41,15386.945730952057,1,1,812.2358158763366,old,suv,0
47,28,16505.419554447562,1,1,636.6340266737578,moderate,suv,0
31,13,13039.285967451997,0,0,811.9322076323305,moderate,sedan,0
23,2,9935.235921548696,0,0,706.4116926400197,moderate,suv,1
20,0,22015.30097939899,0,0,,moderate,sports,1
33,15,17448.33000321513,1,0,638.6725246721845,new,sports,0
24,2,13325.85706664205,0,1,747.3956693545921,old,sedan,1
69,50,16748.45203168293,1,1,661.2991767577995,new,suv,0
31,10,22331.80210381502,1,0,,old,sedan,1
26,7,11847.913524897376,2,2,553.4507809001965,old,sedan,1
32,11,15844.560852307839,1,0,692.2484621934273,moderate,sedan,1
38,17,9440.541036393883,0,0,559.2621114833504,old,suv,0
52,30,14526.633504504713,0,1,643.7768943027501,moderate,suv,0
19,0,17466.38154445823,2,1,755.7184538551091,new,sedan,0
44,25,10541.106976179966,0,1,,moderate,suv,0
19,1,14251.194523566095,1,0,577.7865129671252,moderate,sedan,0
52,33,18199.709198119668,1,3,790.998751161614,moderate,sedan,0
35,17,17356.80052893036,0,1,704.7875236994702,moderate,sedan,1
31,11,10369.473276284556,0,2,751.779298720409,old,suv,1
37,17,16495.099499608958,0,1,423.24416567906974,moderate,sedan,1
35,15,17234.875348749512,0,1,683.0852878262746,moderate,sedan,0
27,8,15431.942066744123,0,0,734.2157836379894,moderate,sports,0
42,23,19357.357237266766,0,0,820.0288642297992,moderate,suv,0
19,1,12642.21072544123,0,0,503.61814158489585,new,sedan,0
42,21,16649.93785116605,0,0,770.6114589194533,moderate,suv,0
71,53,10339.198851787058,1,0,814.4380285701245,old,sedan,0
50,30,8597.496627266482,0,2,448.2711022721021,moderate,suv,0
53,35,18124.315924861094,0,0,697.8591109869743,new,sedan,0
48,27,15082.24988171931,0,1,711.7620814340702,moderate,sedan,0
31,12,13146.329715535616,1,0,617.2992337348094,moderate,sedan,0
18,0,10739.375943618561,0,2,600.990553993371,old,sedan,0
63,43,18308.40952705336,1,1,716.7853913287822,old,sedan,0
33,13,8967.942509468687,0,0,,moderate,sports,0
71,52,18971.509872754752,0,1,628.2750671581903,moderate,sports,0
63,45,16803.989481730456,0,0,731.2434900823921,moderate,sports,0
69,48,,1,1,825.4043050326865,new,sports,0
20,1,15503.845659514556,2,1,703.7984272542018,moderate,sedan,1
52,34,25614.899501465403,0,0,663.3484495414511,moderate,suv,0
58,36,19757.673137853904,0,0,598.360251533923,moderate,sedan,0
23,3,11687.891283249364,0,0,548.9399959348943,new,suv,0
42,21,17866.822728954838,0,0,760.9578241500949,moderate,suv,0
30,9,9336.347481852485,0,3,634.6550148873115,moderate,sedan,0
70,49,9514.743295575508,0,2,765.0703274666729,old,sedan,0
51,31,14730.777320129138,1,0,617.0448122004539,new,sedan,0
25,7,17206.609074316297,1,0,585.0711338638989,moderate,sedan,1
38,19,18245.32127568567,0,0,692.0798888827516,new,sports,0
51,33,18300.73489821347,0,1,642.34640607316,moderate,suv,0
21,2,16979.000450140804,0,1,529.4471395389262,new,sedan,0
42,21,8544.0354916156,0,0,831.7368329781848,new,sedan,0
32,14,14756.273459410862,0,0,587.3016226228362,new,sedan,0
21,0,18874.727566524885,0,1,742.7591521174213,moderate,sports,0
62,40,16773.163706429703,0,1,734.1856629396482,moderate,sports,0
29,8,15728.424128229308,1,1,524.0537235085643,old,suv,1
49,28,16316.903467641254,0,1,549.7612355383516,new,suv,0
49,30,16250.07951910888,0,0,619.8490660299872,new,suv,0
45,23,7140.410868092624,0,0,563.4353455421683,moderate,sedan,0
30,9,19619.564570541574,0,1,822.6456371878688,moderate,sports,1
48,27,14557.868370052845,1,0,629.9824363201488,moderate,suv,0
31,9,17830.345829942245,0,0,738.9749042814068,moderate,sedan,0
37,15,5777.417979183136,0,0,701.3637389000204,old,sedan,0
35,17,21643.96761656249,0,2,676.4022448996353,moderate,suv,0
46,27,10374.353424908484,0,2,,moderate,sedan,0
23,1,25165.364128122103,0,2,773.7130707788697,new,suv,1
49,27,23476.961548915802,0,1,,new,suv,0
46,26,9700.335922310147,0,0,822.6335310456586,old,suv,0
60,38,18268.146745036764,0,2,521.2776819495905,moderate,suv,0
19,0,10931.152568399364,0,0,728.1511725622424,moderate,suv,0
40,19,12442.375856501914,0,1,509.48361400602175,old,sedan,1
36,15,12532.66959609133,1,0,618.4294447773041,moderate,sedan,0
48,27,16791.72269351756,1,0,659.3309938060967,moderate,sedan,0
68,47,16298.54716171761,0,0,601.3304651170486,moderate,sports,0
22,2,10193.636713306201,0,0,631.8330430383108,moderate,sports,0
36,14,16759.805613612443,0,2,511.30295520692067,old,sedan,1
51,30,14183.563494026232,0,1,551.2549531276449,new,suv,0
27,9,7717.788473355035,0,2,699.8264707195882,moderate,suv,0
42,21,13263.870944923952,1,1,652.9671824977445,moderate,sports,0
19,0,21641.70741397339,0,0,580.9471974178493,new,sedan,0
28,7,13398.87491518826,0,0,782.4277763129671,moderate,suv,0
67,47,7657.852755896376,1,1,528.0069100009785,moderate,suv,0
48,29,18257.866930994027,0,0,613.8409534135938,new,sedan,0
73,54,11289.959261160562,1,1,599.4343721821529,moderate,sedan,0
32,10,15857.715721649789,0,1,711.5037627761044,moderate,sedan,0
26,7,14312.054018367287,0,0,654.8163691137195,moderate,sedan,0
40,21,22046.68092854751,3,1,639.1834753465403,old,sedan,0
36,18,14314.866702143252,1,0,465.5783296132761,old,suv,0
26,4,10421.642898640897,0,0,736.5034480632092,old,suv,0
52,30,13124.609583752703,0,2,,moderate,sports,0
38,19,10084.895403801464,0,0,,moderate,sedan,0
26,7,14162.941153342363,0,1,575.1436779906122,old,sports,1
45,26,22079.162931348445,0,0,559.4171237182927,old,suv,0
63,43,19993.872157691036,1,0,799.9287758475687,moderate,sedan,0
68,47,23164.762012776344,0,0,472.67614217375876,moderate,suv,0
24,4,16917.0003835869,1,0,544.5800972217228,moderate,suv,1
33,11,15572.400830572396,0,1,798.049215266908,old,sedan,0
33,15,11006.827766715722,1,0,714.0746380998654,old,suv,1
50,29,16078.671155949121,1,0,617.453746825758,old,suv,0
21,3,14478.554876082606,1,0,774.6596314288653,new,sports,1
21,0,18114.50945856863,0,1,694.6860116396009,moderate,sports,0
56,34,10510.980084828392,0,0,673.2660091974419,moderate,suv,0
57,39,15210.729817240328,0,1,672.5562017102418,old,suv,1
34,16,8706.011503942278,0,0,696.5238217214494,old,sports,1
54,36,16350.45037022074,2,0,,moderate,sports,0
56,34,17703.007526036814,1,2,850.0,moderate,suv,0
69,50,8513.95963364467,0,1,630.5107188327328,new,suv,0
46,28,9640.990985255976,0,1,633.5952811851796,moderate,sedan,0
69,48,9816.079917408926,0,2,,moderate,suv,0
53,31,14289.500165426716,1,1,644.8102613178982,old,sedan,0
55,35,9410.061548678226,0,0,836.2886899544819,old,suv,1
56,36,20513.96088861092,1,0,748.4485002434657,moderate,sedan,0
67,46,16744.611926032143,1,1,595.6332256124672,moderate,sedan,0
54,35,17396.158318937352,0,1,653.0041364521285,moderate,sedan,0
69,51,8643.808457546655,0,0,520.3561624415006,moderate,suv,0
52,30,20172.71234211289,0,0,553.0880655701694,old,suv,0
24,6,17598.43776039425,3,2,664.9441152613717,old,suv,0
44,22,12270.617440482936,2,0,600.5545397179548,moderate,suv,0
45,25,8832.928301180811,0,0,545.5400210621582,moderate,sports,0
39,21,14695.491107724367,1,0,698.9840764737892,new,sedan,0
31,10,13134.27435055491,1,0,641.7749913346676,moderate,suv,0
24,5,13300.292657772161,1,0,493.24496283089604,moderate,suv,1
54,33,12178.272015687066,0,0,442.4853033832212,new,sports,0
39,20,17885.74362937634,1,0,592.9988501425746,old,sedan,0
22,4,4597.699921882675,0,2,,moderate,sports,0
72,54,20719.711161328356,0,1,463.1088593529346,old,sedan,0
19,0,18992.46595486448,0,2,762.8969201402085,new,sedan,0
44,24,15842.740753181915,2,0,640.2289110134707,old,sedan,0
38,16,14423.657718190023,0,1,623.4553621774497,old,sedan,0
71,50,19332.202622214332,0,0,631.1594183849251,new,suv,0
55,34,14830.963375625211,1,0,536.216784920703,moderate,suv,0
32,11,13886.282061906104,0,1,691.0976165014168,old,sedan,0
38,20,19554.872271424392,0,0,,moderate,suv,0
27,6,23373.582900199704,0,1,574.2591344020589,moderate,suv,0
40,18,11115.972706357443,0,0,,old,suv,0
73,51,16699.197253907143,1,1,527.2541286787705,new,suv,1
56,37,10654.432488489814,0,0,609.3757127098165,moderate,sports,0
22,4,17006.558729043434,2,0,626.0372119217486,moderate,suv,1
18,0,11887.274086498,2,1,606.7716670870036,moderate,sedan,0
30,10,19846.193027647045,0,1,655.5154557341586,moderate,sedan,0
38,20,14599.52239215501,0,1,642.1488295238244,moderate,sedan,0
43,25,15185.914676819153,1,0,673.0768538664607,moderate,suv,0
67,45,21524.460389822332,0,1,744.3097036921595,moderate,sports,0
62,42,12067.988323550537,0,0,709.302347721308,moderate,suv,0
38,19,17739.368776422365,1,0,745.4589840510336,moderate,sedan,0
70,48,12466.186232465203,0,0,565.2265770173772,old,suv,0
35,15,19785.190175372554,0,0,599.1385105911343,moderate,suv,0
54,36,22147.02179532129,1,1,715.3596683945967,old,sports,0
62,42,13948.371208500135,0,0,717.1477671432086,new,sedan,0
49,31,6223.638400955009,0,0,582.1379382463118,moderate,sedan,0
53,31,12247.45175139364,0,0,711.1583925781742,new,sports,1
34,12,24730.545296087017,0,0,555.6467883354059,moderate,sports,0
52,31,12631.543227241207,0,1,698.1055724141794,new,sedan,0
66,45,22084.084601592243,0,0,647.370379913436,moderate,sedan,0
28,7,12574.856039483017,1,0,511.55643960936635,old,suv,0
38,16,12476.002576424127,0,1,606.5926178240593,new,suv,0
69,50,18116.750308003215,1,0,850.0,new,sedan,0
72,50,17637.36398027645,0,1,670.2780362804995,old,sports,0
70,50,18408.69672528762,0,0,850.0,moderate,sedan,0
43,21,,1,1,505.60734701249635,moderate,suv,1
21,0,19137.440392058237,0,1,725.0741792663842,new,suv,0
51,33,18846.000377215874,0,1,396.56638081928844,moderate,sedan,0
69,51,19596.112251993174,0,0,649.9764515085217,new,sedan,0
65,47,12505.763778803439,0,2,713.1217377651321,moderate,sedan,0
35,13,19134.516811115645,0,2,733.7890094996276,moderate,suv,0
57,38,12914.65543013139,0,0,570.0730275419587,old,sedan,0
52,32,14371.595080041965,0,0,753.9090421976737,moderate,suv,0
58,38,14289.491849506805,0,0,596.6285239955305,moderate,suv,0
46,27,11007.584356208914,0,0,633.5902748887603,moderate,suv,0
69,50,8057.929558561094,0,0,606.6677780643366,old,sports,0
46,26,19894.896170018885,0,0,536.3610649267669,moderate,suv,0
55,34,12191.001830547426,0,0,806.9719587420859,new,suv,0
59,41,13921.04110169963,1,0,654.8017817158077,moderate,suv,0
38,20,12077.132879605404,1,0,,new,suv,0
59,39,13973.381853190807,0,1,754.4711241764601,new,sedan,0
30,11,12976.388238430542,0,0,553.2059785727017,moderate,suv,0
66,45,20116.335477769688,1,0,771.6127247671601,moderate,sedan,0
58,38,12637.983405612942,0,0,700.3414243549323,old,suv,0
34,16,21858.21659104403,0,0,545.9098135527111,new,suv,0
73,51,19557.085596788405,2,0,694.8850831341505,old,sedan,0
26,7,13102.212034022084,0,1,547.7032115131932,moderate,sedan,0
58,36,16279.246539184713,0,1,810.645836797864,new,sedan,0
18,0,17077.385318388533,0,0,731.3786744922096,old,sedan,0
19,1,18366.428815033563,0,2,642.8851437808964,old,suv,1
65,44,18761.86803088572,1,1,776.4803618217184,moderate,suv,0
46,24,15746.530626050955,0,1,491.8012355296462,moderate,sedan,0
50,29,,0,1,575.0658699879958,old,sedan,0
27,9,17563.55329805448,0,0,624.7580278259628,moderate,suv,0
67,45,14053.974498169908,0,1,850.0,new,sedan,1
57,36,3843.180031944519,0,0,,new,sports,0
38,17,16561.113908238185,0,0,479.2694058259326,moderate,sedan,0
45,23,12063.559795045036,0,2,505.56144855017294,moderate,suv,0
28,10,13166.447692585252,0,1,740.6215869205602,moderate,sedan,0
72,51,15024.084543266768,1,0,590.5807729461143,new,sedan,0
51,31,8785.411826520236,0,0,634.0913335631386,old,sedan,0
25,3,15556.165908453544,0,1,726.2832641674485,moderate,suv,0
39,20,13733.17022290292,0,0,634.1915372042089,moderate,sedan,0
25,6,11491.120056452426,2,0,670.4146604508055,new,suv,0
66,48,15184.967300072796,1,1,703.5215147609695,old,sedan,0
32,12,8239.215129468794,1,2,606.9323608039784,moderate,sedan,1
34,13,15302.507113561614,0,1,633.3682940070316,moderate,suv,0
40,21,16882.39565401344,0,2,674.1955402321012,old,sedan,0
41,23,16220.994638470283,1,1,736.817927305322,old,sedan,0
62,42,18155.536830194567,1,1,570.763073581935,new,sedan,0
36,16,19661.409530208464,1,3,347.94240781702206,old,suv,1
22,4,14674.609091857004,1,0,717.9583149385646,moderate,sports,1
49,31,19381.797938035797,0,0,742.7715918750084,new,suv,0
61,40,14659.659337395915,2,1,670.0034162130172,new,sedan,0
18,0,12202.15650580289,0,0,676.8293218956536,moderate,sedan,0
40,19,13428.997526411682,0,1,593.5690105859829,moderate,sedan,0
54,33,16067.910359486636,0,1,700.0183421534924,moderate,sedan,0
25,3,19340.711392689267,0,2,735.3166819684188,new,sedan,1
30,10,15005.851419255161,0,0,655.6496341418484,old,sedan,0
25,5,12305.372513587234,0,0,850.0,old,sedan,0
74,54,20777.040187281516,1,1,493.62589123286205,moderate,sedan,0
40,18,9260.73395461338,0,0,666.2961670856347,old,sedan,0
60,39,12331.178462094698,0,1,532.5647037682686,old,sedan,0
18,0,18571.137512907953,0,2,737.984592395689,new,sedan,1
62,44,22065.828986150245,1,1,491.8524571957819,old,suv,0
68,46,16922.72505688158,0,1,516.6078457282301,old,sedan,0
41,23,15999.55023265532,0,0,586.6813059450795,new,sedan,0
52,30,13836.539319237301,0,0,676.5832169855399,old,sedan,0
41,23,17192.284632197043,1,1,590.4528611338383,new,sedan,0
34,15,15517.47068404325,0,1,591.4558737400907,moderate,suv,0
22,2,11981.87458394183,0,0,631.9109545073915,old,sedan,0
37,17,13764.024926518052,1,1,625.7759840938494,old,suv,1
38,17,11530.216013277615,1,1,798.7449388318524,moderate,suv,0
57,38,15054.462457523308,1,0,718.5911119668968,moderate,suv,0
48,28,15647.357892170407,0,1,617.5423260215356,moderate,suv,0
63,42,21537.532794591058,1,4,850.0,moderate,suv,0
53,34,12610.411497237514,0,1,699.1661174856009,moderate,sedan,0
28,8,14276.892980786051,0,0,553.1037944686451,moderate,sedan,0
69,51,20036.725286052817,0,0,675.6513739991844,old,suv,0
32,10,22220.357401831563,1,0,703.5512544865314,moderate,sports,1
36,17,16898.84390959466,2,1,581.2375280938652,moderate,suv,1
24,3,13985.747314207192,0,0,544.7491089193961,new,sedan,1
68,49,13107.929330916184,1,0,658.6459090042442,moderate,sedan,0
45,24,7627.732740558858,2,0,613.9778228693964,new,suv,0
68,49,11288.926803617187,1,1,797.9127888455442,moderate,sedan,0
60,39,15406.24969401443,0,0,724.1155824084915,new,suv,0
22,2,14276.056535942713,1,0,585.922472591342,new,suv,1
22,4,17493.63189598011,0,0,692.5938110948589,moderate,sedan,0
47,27,14219.188852683328,0,1,776.7128142724739,moderate,suv,0
71,53,12095.770813451161,0,0,510.619555410035,moderate,suv,0
49,29,16365.377037381295,0,0,547.7221759012248,new,sedan,0
25,5,25021.06098189386,0,0,648.8831382720468,old,suv,0
27,8,13730.603330413891,0,1,653.5601967905034,new,suv,0
55,33,15555.550085381507,0,2,644.780249453714,old,sedan,0
64,43,18387.70232485072,1,2,618.9222821212322,moderate,sedan,0
49,28,12713.526433722935,0,0,,new,sedan,0
65,44,20091.030146541532,1,1,688.4258136821629,moderate,sports,0
45,27,8683.839555528284,1,0,763.3942553639173,old,sedan,0
34,13,13369.091930925526,0,2,601.9047270311573,moderate,sedan,0
48,27,13755.116409965787,0,2,850.0,new,sedan,0
25,6,15604.630981014432,0,0,846.0691435740316,moderate,sedan,0
57,37,7114.074800040338,0,0,782.9255629580082,moderate,sedan,0
42,21,20410.959578644382,0,2,712.2483334561562,old,sedan,0
26,4,16656.87033980334,0,1,850.0,old,suv,1
19,0,19491.32578199651,0,1,620.9884635000592,new,suv,0
32,14,21452.142949855483,0,0,566.7395588009765,moderate,suv,0
67,49,12037.74488665177,0,1,597.4027940596015,moderate,suv,0
20,2,5022.58399710881,1,0,549.7057196909918,old,sedan,0
66,45,19585.464301187327,0,1,662.180132231337,moderate,suv,0
53,34,13854.469319306452,0,1,679.9830464127743,old,sedan,0
21,0,10467.326016511757,0,0,670.0839838681106,moderate,sedan,1
31,10,17305.19861216204,0,0,648.75686478182,moderate,sedan,0
58,39,24854.22772852904,0,0,663.3154528171616,moderate,sedan,0
58,39,14564.374019446672,1,0,823.632380884989,old,sedan,0
42,21,18804.465229209276,0,1,712.0051867639083,moderate,sedan,0
72,51,11049.988826122126,1,1,742.2508796604822,old,suv,0
67,48,8252.968938201788,0,0,669.0789936686788,moderate,suv,0
27,8,18655.761877291967,0,0,488.44113015319226,moderate,sedan,0
38,19,17184.29268723307,1,1,468.6117529530489,moderate,sports,0
53,32,13137.188661363702,0,0,850.0,new,suv,0
29,10,21824.87723210158,0,1,596.8177724768778,moderate,suv,0
44,26,7942.044121372383,0,0,588.3248655848067,moderate,suv,0
57,36,10079.879696311922,0,0,674.5663241377249,new,sedan,0
19,1,12828.529620989852,1,1,705.0402978329928,new,sports,1
71,51,13574.41197071758,0,1,717.6862137334413,moderate,suv,0
30,9,20861.41883011447,0,1,827.4418532880004,moderate,sedan,0
70,50,15196.79175124305,0,1,800.0736382657941,moderate,sedan,0
49,30,14228.18404160093,1,1,568.9066775361179,moderate,sedan,0
48,29,9919.972928836452,0,1,746.8734573421789,new,suv,0
33,11,19346.53416736612,0,0,611.5909081789201,new,sedan,0
49,30,10453.436466131046,0,1,636.2491255569223,old,suv,0
49,29,9901.554834559305,0,0,540.6010794048638,new,suv,0
51,32,13398.967436211311,1,1,480.69271461685906,moderate,sedan,0
28,7,15652.776098620669,1,0,646.8438287367711,moderate,suv,0
27,8,12119.42959935877,1,0,554.4018083888755,old,suv,0
32,10,17828.070011830423,0,2,742.7813678572036,new,sedan,0
34,15,13868.094892077002,2,1,621.8921756479879,old,sedan,0
57,37,19211.075758446343,0,0,680.8590218949873,moderate,suv,0
35,15,17020.442448332295,0,0,786.7525753915431,new,suv,0
72,53,22165.917361456544,1,0,501.47048182178924,moderate,suv,0
26,6,13231.084296490044,0,1,577.5382611450312,moderate,sedan,0
42,22,18375.884097622376,0,0,668.088362456585,moderate,sedan,0
57,35,7852.755112745269,0,1,681.252481582326,moderate,sports,0
31,10,26566.634772303572,0,1,760.3497501272326,old,suv,0
42,20,18175.78613388502,0,1,736.7153129040598,moderate,sedan,0
67,49,13814.77111110912,0,0,659.693362573074,moderate,suv,0
39,17,13963.499157468597,0,1,680.3404670597255,old,suv,0
69,50,14011.907705450923,0,1,683.1075890990489,old,sedan,0
47,26,22360.146492406697,0,0,503.02876353262445,new,suv,0
37,18,18594.198001364868,1,0,634.3624522645039,moderate,sedan,0
38,20,13226.726790458604,0,1,674.8473217997092,moderate,suv,0
61,40,10044.73992750287,1,1,695.8550858785106,new,sedan,0
49,29,19784.418542031664,0,0,557.5636559935841,moderate,sedan,0
68,46,18354.195705254497,0,0,523.1202087471108,new,suv,0
63,44,17825.482789002395,0,0,626.546740748192,moderate,suv,0
66,48,14665.022258472394,0,2,846.7366111091494,moderate,suv,0
73,53,13801.530204356963,3,0,568.0752487271332,moderate,sedan,0
38,16,21740.894045918954,0,0,767.392824735481,moderate,sports,1
52,32,22113.07695721791,1,2,808.473964304512,moderate,sedan,0
49,27,17560.499502566487,0,1,654.5466526233193,moderate,suv,0
47,26,18879.363459359636,1,0,582.0152065346549,moderate,sports,1
72,52,15944.392656682841,0,1,701.2819563658226,old,sedan,0
56,36,9520.056910132387,1,1,669.4990292099496,old,sedan,0
66,46,,0,0,564.0896019809692,old,sports,0
29,8,19584.727612197756,0,0,584.1197173628224,new,sports,1
58,40,20094.82139124476,0,0,695.3579852145331,moderate,suv,0
64,42,19216.508033238475,0,0,743.3440408168548,moderate,sedan,0
35,15,16384.209240348133,0,0,617.7209798684612,moderate,suv,0
38,17,19365.195825181072,0,0,643.0866435111947,new,sedan,0
30,12,14767.45082200308,1,0,716.863857051108,moderate,sedan,0
38,16,17485.5613461532,1,1,,old,sedan,0
25,4,14181.27052751953,1,1,620.0673026704116,moderate,sedan,0
63,41,10772.85746740047,0,0,574.4659180272774,moderate,sedan,0
57,37,18458.287889989075,1,0,572.7315376625969,new,sedan,0
63,45,20100.49761864457,0,0,850.0,moderate,suv,0
24,3,24895.835121666867,0,0,630.3798339920918,moderate,suv,0
40,22,16056.11600558398,0,0,786.5058321512224,new,suv,0
61,41,10808.760726487079,0,2,818.3993337519071,old,sedan,0
49,31,13686.237050684744,0,1,631.641771050684,old,sedan,0
28,10,14456.434457899279,0,1,686.8429808434769,moderate,suv,0
39,20,15593.991226511645,0,1,660.2478482033032,old,sedan,1
39,21,16883.50502695373,0,0,488.7817649341323,moderate,sedan,0
60,38,16451.87716958667,0,0,494.8026987751838,moderate,suv,0
42,21,18108.329033861024,0,0,654.8848466904273,new,sedan,0
39,20,15789.692190770327,0,2,607.5086461391404,moderate,sports,1
45,24,,1,0,839.158033839359,new,suv,0
46,25,15908.535314773793,1,1,626.3427061305381,new,sedan,0
30,10,,1,0,845.0928997068124,moderate,sedan,0
35,15,17201.067455283734,1,1,602.3608603864456,new,suv,0
19,0,13554.071177689908,0,0,841.2200420608933,moderate,suv,0
46,26,15894.102897905554,0,0,,moderate,suv,0
38,18,17224.96875011553,0,1,706.3291895771197,moderate,suv,0
32,12,14359.831193077252,1,0,598.8236043266351,new,sedan,0
69,48,17703.482408921125,1,2,707.6917180403689,new,sedan,0
44,25,15280.499729859377,0,1,819.2713433081251,moderate,suv,0
67,46,15626.635329260402,0,1,635.5172505939862,moderate,sedan,0
48,26,3309.164803771997,1,0,616.0603184633383,new,suv,0
32,11,10424.450860697903,1,0,625.3237461139912,moderate,suv,0
68,46,10435.336737361404,0,0,812.0111605006437,old,suv,0
40,22,15865.328871598675,1,0,735.5351207001087,new,sedan,0
41,23,20086.660933185998,0,0,794.7679990471119,moderate,suv,0
61,39,14526.339581135488,0,0,681.3622710484269,moderate,sedan,0
30,8,18393.19271721947,1,0,653.9319356777831,old,suv,0
39,18,,0,0,692.3944039070632,new,suv,0
60,38,15559.573693881273,0,2,757.015853441254,moderate,suv,0
54,35,17295.90680332671,0,0,625.2881757412135,old,sedan,0
50,32,15983.774875327352,0,0,,moderate,suv,0
73,55,14430.878012828889,0,0,686.5830557065876,moderate,suv,0
20,0,16564.32139866614,2,0,409.37218619698217,new,sedan,0
71,51,20786.52563920692,1,1,738.3493427105194,old,sports,0
36,16,16890.995893902782,0,2,522.7694986738018,old,suv,0
40,18,15871.884480154637,0,0,735.9172760673987,moderate,suv,0
46,27,11490.197675322075,0,0,740.1517998238166,new,sedan,0
47,27,20663.500597058435,0,0,682.9892597381208,new,sports,0
56,34,9371.805876004219,0,0,704.3680898876694,moderate,suv,0
61,42,8175.7476776075955,1,3,759.8870787843987,moderate,suv,0
64,45,16485.84275327004,0,0,600.4372326189273,moderate,suv,0
42,21,11476.959235541115,0,0,729.3429659702479,moderate,sedan,0
54,35,19356.396011389777,0,0,,old,sedan,0
64,44,8265.177498536066,0,0,826.0082597538478,moderate,sedan,0
25,5,18847.22589004248,0,1,539.4219713940297,moderate,sedan,1
59,37,18283.927738951603,1,2,690.8516064987768,old,suv,0
33,11,15472.063856431623,0,1,553.8510800938535,moderate,sedan,0
25,6,6601.713429678764,1,0,549.6077982298502,old,suv,1
18,0,8106.787518722922,0,1,685.902777240598,new,suv,0
61,40,15959.741110899704,0,2,657.7455814796139,moderate,sedan,0
22,4,,1,1,764.5001478521984,old,sedan,1
20,1,17909.321139612013,1,0,615.3823550405791,moderate,suv,1
18,0,14727.134833075052,0,0,636.5948563802989,moderate,sedan,0
21,3,14379.277470990664,0,0,671.1504262338185,new,sedan,0
57,36,5294.729706165066,0,0,563.8171148563544,moderate,suv,0
52,34,18289.729247090472,1,1,577.6930154984069,moderate,suv,0
49,27,12403.415260964372,0,2,761.6098665772553,new,suv,1
59,39,13407.176305123106,1,0,595.1044958718891,old,suv,0
51,29,10720.883827563397,0,0,768.2476566449685,old,suv,0
60,40,8838.355744198609,0,0,710.7312580668295,old,sedan,0
42,23,20888.551312660475,0,0,495.24689745110646,moderate,sports,0
27,6,18181.950779819552,0,0,703.0378691837789,moderate,sedan,0
38,20,18247.982301416527,0,1,702.2479823094127,old,suv,1
63,42,,0,2,692.2928608511286,moderate,suv,0
56,38,8048.310216136821,1,0,635.812327361699,moderate,suv,0
44,22,23408.179023351222,0,2,555.9932544608148,moderate,sports,1
44,22,16689.166525053584,0,0,784.621276611262,moderate,sedan,0
19,1,15547.156800307983,1,0,639.8420411277165,new,sedan,0
58,37,13563.467910811689,1,0,561.6593839664632,new,sedan,0
65,47,6821.77498824954,1,0,695.7468686088008,moderate,sedan,0
30,11,19566.23492910689,0,0,575.7220029266742,moderate,suv,0
26,4,10769.185972390977,0,1,555.0913971714879,old,sedan,0
69,50,17186.276651449025,1,0,612.4527387797561,moderate,suv,0
53,31,18083.335844494257,0,0,583.4602235681925,moderate,suv,0
39,17,16336.63048749262,0,1,558.7757748015425,moderate,sedan,0
59,39,16879.89416132754,1,1,730.641176226176,new,sedan,0
43,24,20384.47900759319,0,0,638.61721855376,new,sedan,0
71,52,11830.338352668114,0,0,,new,sports,0
29,9,15658.010360174023,0,1,564.5490522270064,moderate,suv,1
34,13,14099.578381280655,1,1,477.24389623636637,new,sedan,0
31,12,7641.739808711588,0,1,664.8770349249417,new,sedan,0
31,13,16145.333319468036,0,1,835.5978921806416,old,sedan,0
74,54,20005.002386098742,2,0,703.0986829362002,new,sedan,0
51,32,20505.336634708776,0,0,850.0,new,suv,0
70,49,22429.90883718292,0,1,683.2059120949089,old,suv,0
74,55,7905.123501643028,0,0,673.5552211288091,moderate,sedan,0
37,15,21514.510791524965,0,0,434.46373289420825,new,suv,0
28,10,15739.359057441521,0,0,692.7947440588529,new,sedan,0
33,13,21402.250029479837,0,0,666.8667760019291,moderate,sedan,0
68,46,13420.870363218295,0,0,609.2578801795463,moderate,suv,0
48,27,12876.79808482046,0,0,636.322113294093,new,sedan,0
72,50,10138.909695092425,0,0,643.1899425657821,new,sedan,0
23,1,18103.910265624643,1,1,632.0070847067936,old,suv,0
73,52,17057.904282126998,0,0,850.0,moderate,sedan,0
36,14,10531.961751078697,0,0,612.9137972194991,moderate,sedan,0
54,34,6343.452931947999,1,1,666.9313723853858,moderate,suv,0
21,2,16660.980937293574,0,0,609.6098916613794,new,sedan,0
64,42,17116.68146777893,1,0,728.343118664388,moderate,sedan,0
21,1,11052.193953096936,1,2,667.6763699972207,old,sedan,1
37,18,10248.686346516151,0,0,622.0089426829519,new,suv,0
27,8,17623.47271658499,0,0,457.4032054092817,old,sedan,1
41,19,22425.574793299544,0,0,674.330822528875,new,suv,0
71,51,13020.039204367737,0,1,619.0423726420249,moderate,suv,0
52,30,11481.444269108255,2,1,643.9259343112899,new,sedan,0
43,22,16195.433855002319,0,1,531.7542052754667,moderate,suv,0
54,35,17541.012259392282,0,0,793.3282172720196,moderate,suv,0
55,33,13542.839616430356,0,1,,moderate,sedan,0
38,19,23100.364333967813,0,1,793.0705997640632,moderate,suv,1
71,51,18606.740488566717,0,0,764.6979300780954,moderate,suv,0
57,39,13474.917175873332,1,1,709.2317302127461,moderate,sedan,0
56,34,8630.06811088718,0,0,535.7717491273557,new,sedan,0
38,16,20277.687151259488,0,1,834.3387164071859,moderate,sedan,0
27,8,19767.724944860292,0,0,557.2364849112489,new,sedan,1
55,35,13788.988520152936,0,2,623.1592375925038,moderate,sedan,0
63,42,16402.30183045018,1,1,720.6902280626921,old,suv,0
21,1,14398.120410069965,0,1,725.6540787187405,new,sedan,0
74,52,17082.395524435873,1,1,707.2236726944558,old,sedan,0
62,41,10900.20187547327,1,2,609.9711518670911,old,sedan,0
37,17,10329.923519692617,0,0,589.3068372644525,moderate,suv,0
34,16,18243.45493104209,1,1,850.0,new,sedan,0
72,53,18750.45937403839,0,0,646.0686061500166,old,sedan,0
24,4,13036.831897513575,0,0,633.8228615361164,old,sedan,0
21,1,12003.515696155902,1,1,578.6443509061246,new,suv,1
46,28,19590.26580857879,0,0,674.4670349070958,old,sedan,0
31,9,12138.949922739284,1,1,669.802280057807,old,sedan,1
20,1,15221.645023943065,1,0,648.3773791295705,moderate,sedan,0
41,21,14714.340086509386,1,0,688.1726646787886,old,sedan,0
54,33,9132.376218592322,0,1,826.3537502442354,moderate,suv,0
33,13,15768.457068314674,0,2,590.4947293709101,moderate,sedan,1
72,53,15377.62781361664,0,1,654.308374220212,moderate,sedan,0
69,49,16440.765112406425,1,1,585.2151547449445,new,suv,0
21,3,15632.923478613144,0,1,679.4698360825628,moderate,sedan,1
73,53,23542.74963765349,0,0,593.1530498625581,new,suv,0
41,21,19646.712925292923,1,1,597.4557008565811,moderate,sedan,1
51,30,15155.236001819207,0,1,504.0476625944374,old,sports,0
47,29,15520.956335398156,0,0,659.7794782819675,new,sports,0
35,17,22054.47683100316,2,1,692.9769621904977,moderate,suv,0
36,16,18452.351144020988,0,1,836.0476353192296,moderate,sports,0
48,27,10083.988558022214,1,0,696.9502481189845,new,sedan,0
36,16,18795.792891228386,1,1,605.0315876702681,old,suv,1
66,46,19971.20432823977,0,0,514.032091231391,moderate,sedan,0
63,44,21470.86830310314,0,1,527.8712994334521,moderate,suv,0
36,17,13394.033273570047,0,0,520.4371660528028,new,sedan,0
39,18,13102.19801812413,2,2,837.8042035449381,new,sedan,0
41,19,11232.739914210677,1,0,678.781049692637,new,sports,0
62,43,16232.509857344536,1,1,591.7033780738108,new,sedan,0
29,7,17931.470329822798,1,0,554.0140394846736,moderate,suv,1
47,29,12946.683253289983,0,1,564.3892159606079,moderate,suv,0
55,36,14432.738809323357,1,1,589.0700605493621,new,sedan,0
70,51,6785.128817523742,2,2,781.6255216255153,new,sedan,0
48,27,21037.7962016106,1,0,647.005655294225,moderate,sedan,0
53,31,8740.094513999611,0,1,505.25335827260506,old,sports,0
36,17,16499.119008771217,0,1,850.0,moderate,sports,0
65,46,15953.01933348939,1,1,535.9838860634103,new,suv,0
62,41,15183.231874126386,0,0,590.9164690076133,old,suv,0
53,32,15275.187513358758,1,0,781.0144387633882,old,sedan,0
47,25,10952.875297108663,1,1,691.5149632609067,moderate,sedan,0
72,54,13687.739183222022,0,1,,moderate,sedan,0
66,48,18875.802609008682,1,0,526.8633073906166,moderate,suv,0
72,52,20060.622001746546,1,1,553.3309891074973,old,sedan,1
50,31,13316.39624570024,1,0,559.3503880923535,moderate,suv,1
35,13,8758.321878092345,0,0,650.703179784955,old,suv,1
69,50,11885.304594811814,1,2,669.1061817281303,new,sedan,0
66,44,22410.788379411526,0,0,635.1345371368658,moderate,sedan,0
45,23,12123.422040051097,0,0,646.078618607567,old,sedan,0
64,42,14611.185318960881,0,1,544.9276804805679,old,suv,0
28,9,20663.6494480793,3,1,679.3136106223889,moderate,sedan,0
74,53,12892.415978651563,1,1,778.0518636836996,old,sedan,0
71,52,14337.858441409295,0,1,633.7208318250431,moderate,suv,0
62,40,18177.993163025243,0,0,631.7713293570527,moderate,sedan,0
50,30,21847.22747011802,3,1,658.3001052052848,moderate,sedan,0
34,16,12417.792541220086,1,0,761.8204859759392,moderate,suv,0
23,1,20568.380976484732,1,1,560.5277000561359,moderate,suv,1
21,1,13873.885160542715,0,0,795.0847335732135,moderate,suv,0
37,16,11456.285178140248,0,0,692.1222239435237,moderate,sedan,0
65,43,15998.225721230228,1,0,652.8680695698868,new,sedan,0
64,44,10369.727768925612,0,1,771.323883666432,new,suv,0
44,22,16888.045725851523,1,0,531.7937926123544,old,sedan,0
32,13,27598.592044538167,1,0,702.2045536244708,new,suv,1
23,3,19422.403261014773,0,0,693.0309564506617,new,sedan,0
64,45,14580.40144883951,0,2,556.4544935606207,moderate,sedan,0
31,12,19208.807630697735,0,0,696.0638122953821,moderate,sedan,0
28,8,,0,1,678.3305179380486,moderate,suv,0
56,38,11945.30145599132,1,0,632.1261880310066,new,suv,0
26,6,14691.340899154942,0,0,736.2817555230333,new,sedan,0
43,25,15351.12479939935,0,0,592.8245747642335,old,suv,0
33,11,9826.788723160931,0,1,677.0321245843369,old,sedan,0
22,0,13774.090031558275,0,1,636.8326217544682,new,sedan,0
74,54,14421.645132055783,0,0,588.5303176992333,moderate,sedan,0
69,47,21167.889391354533,1,3,700.2884685118771,moderate,sedan,0
27,6,9826.617934660677,0,1,629.2264252650848,moderate,sedan,1
67,48,9455.805837657708,0,0,,moderate,sedan,0
20,1,15702.835770418267,0,1,469.89338952820157,moderate,sedan,0
30,12,19603.50641090957,0,1,728.9057468083201,moderate,sedan,0
60,38,17206.37205616206,0,0,527.939989277317,moderate,sedan,0
66,48,16210.707573691894,0,0,677.9384493400606,new,suv,0
47,28,13845.567879993876,0,1,655.495189362815,moderate,suv,0
71,52,17704.419717179328,0,0,,old,sports,0
62,40,18307.556879266835,0,0,845.666845721534,moderate,sedan,0
23,2,13970.756535261295,0,0,667.9674018460446,moderate,sedan,0
34,13,11205.501959254281,0,1,,old,suv,0
62,40,11231.511618588764,0,0,678.4816215339808,old,suv,0
68,46,18514.937112190662,0,1,626.8460576882519,moderate,suv,0
70,52,8822.906715609779,0,1,648.0911249764058,moderate,suv,0
36,14,21708.23670118845,0,1,795.8542765660484,moderate,suv,0
59,38,13175.497226021587,0,0,758.810529260043,new,suv,0
52,30,16238.127721216953,0,0,845.19864316886,moderate,suv,0
63,45,,0,0,672.1642092972884,old,sports,1
43,25,12265.257139883659,1,1,562.3062934299252,moderate,sports,1
68,50,13160.408629379019,3,1,605.9483055640188,new,sedan,0
22,4,15527.880007782302,0,2,531.2221808201409,new,sedan,1
46,26,11585.11672313757,0,0,726.7044128875277,moderate,sedan,0
54,32,10729.432946669698,0,1,591.4083683922752,moderate,sedan,0
37,18,11088.871021281018,2,0,344.468205368049,moderate,sedan,0
66,44,19836.585144360848,1,3,850.0,moderate,sedan,0
38,18,16591.69938686133,0,0,592.9398861511685,new,sedan,1
27,9,11827.331764494607,0,1,592.3409074514191,moderate,suv,0
22,2,18491.03782493639,0,0,817.1611692660367,moderate,sedan,0
53,32,12048.979012668471,0,1,529.1748549202484,moderate,suv,0
23,2,7198.351193370373,1,0,,moderate,sedan,0
43,21,17787.23596464141,1,1,591.2557556575979,new,suv,0
21,0,21584.923807239626,1,0,517.6204555403141,old,suv,1
56,37,17232.158686076065,0,0,820.5717761378137,moderate,sedan,0
56,37,7450.652194259663,1,0,742.3096947062527,old,sports,0
67,46,14905.778399116984,0,1,742.0000984515043,new,sedan,0
52,34,13901.68800098815,0,0,686.7655546788775,new,suv,0
18,0,16512.84865057557,1,0,709.910163307768,moderate,suv,0
41,22,11610.922892524824,0,1,526.7841975251956,old,sedan,0
74,55,13666.090999625845,0,0,661.161085724466,old,sedan,0
53,35,,1,0,557.1236999549155,old,sedan,0
23,5,,0,1,511.10594809369456,new,suv,1
58,36,9468.416322909849,0,0,691.0953330708031,old,suv,0
71,51,16749.697942891737,0,0,765.8149555659545,old,sedan,0
63,45,11997.811243987806,0,0,611.6631175771936,new,sedan,0
61,42,3000.0,1,3,628.7987107665458,moderate,sedan,0
74,55,18175.032572396532,0,2,536.184935491696,moderate,sedan,0
48,27,16976.1600768496,1,0,650.7217146087897,new,sports,0
37,19,20411.768191082796,1,1,726.0076112388414,moderate,sedan,1
41,19,6639.5259713203795,1,0,729.1527736727774,old,sedan,0
42,22,12381.801840654467,0,0,704.5176175630933,old,sports,0
53,31,15526.371842247465,1,0,588.1568832805465,old,sedan,0
38,19,17286.823572145266,0,0,584.9870956572848,moderate,sedan,0
47,25,,0,0,729.5404473240933,moderate,sedan,0
41,22,16725.839830908862,1,0,731.1998932216732,moderate,suv,0
61,42,12712.89236556245,0,2,632.8005014568107,moderate,suv,0
59,40,7579.685346053041,0,1,,new,sedan,0
47,28,11997.276051793378,2,0,766.72470934457,moderate,suv,0
39,20,17057.50854645543,0,0,614.0051335186753,moderate,suv,0
45,24,7746.8077105347975,0,1,724.5932224523781,new,suv,0
24,2,17548.207358435036,0,1,,new,suv,0
52,31,16133.51200960705,1,1,,old,sedan,0
72,51,13984.563691419715,0,1,811.2312140023703,moderate,sedan,0
45,27,8459.209960063003,0,0,662.0063895731477,moderate,suv,0
31,13,8780.204706263403,0,2,578.9256020111917,old,sedan,1
73,55,13406.073419470582,0,3,510.9194332224796,moderate,sedan,0
27,7,10500.239912460063,0,0,520.9999201763167,new,sedan,0
33,15,13664.965578037452,1,0,612.7088595905399,moderate,suv,0
33,11,18624.728629393197,1,3,842.5128883533592,new,sedan,1
71,50,13907.915130336289,1,0,591.5338121325757,new,sedan,0
48,26,13798.22024907534,0,1,794.7454832346205,old,sedan,0
59,41,13801.388897340748,0,1,636.9236331396916,moderate,suv,0
42,22,19053.60772386016,0,0,531.8849608898317,moderate,suv,0
30,10,20173.479549942684,1,1,602.6788811549604,moderate,sedan,0
23,2,16687.734848694043,1,0,521.9012076262557,new,suv,1
61,39,15546.366069593572,1,2,564.4031548036146,moderate,suv,0
26,7,15918.250459423847,2,1,561.4251938124082,new,suv,1
62,40,20711.807609012343,0,0,459.6196132518734,moderate,sedan,0
53,35,16905.011040348883,0,0,801.2796068814725,moderate,suv,0
73,54,21089.75563902618,1,0,671.1017030222282,new,sports,0
60,40,13323.660592051696,1,0,581.3721594381898,moderate,sedan,0
37,16,9657.72392119422,0,1,672.175774643339,new,sedan,0
35,14,12323.762064137129,0,1,566.4519606357939,moderate,sedan,1
60,40,12748.812276991874,0,0,382.8938034630244,moderate,suv,0
74,56,21418.111710945173,1,0,850.0,moderate,suv,0
38,18,17945.654978144055,0,1,668.959987667706,old,sedan,1
21,3,12450.173902729548,0,1,591.0986960685235,moderate,sedan,0
67,48,18233.64470773079,0,0,456.60851883225666,old,sports,0
50,30,14481.675555632071,1,0,500.585020485744,moderate,suv,0
44,26,21538.20676830786,1,1,815.4491929554905,old,sports,0
24,5,13665.195021243819,1,0,800.1938548798466,moderate,suv,0
23,3,8844.442971685647,0,1,725.3215035998948,moderate,sedan,0
32,11,14252.995733997268,1,0,538.4922961590186,old,sedan,1
35,15,13667.382671690815,1,0,800.9973987977011,moderate,suv,0
49,27,9627.093408206725,0,0,694.9782617944353,old,sedan,0
73,53,17343.64702911323,0,0,715.4924448351535,moderate,sedan,0
28,6,20698.87532126819,1,0,694.6170944443246,moderate,sedan,0
37,18,10510.062705108536,0,0,499.3012815373896,moderate,sports,1
41,21,18890.841571688696,1,0,530.1839049253113,new,sedan,0
32,13,12573.47669071145,0,1,598.9781833591638,moderate,sedan,0
65,46,14901.125773506907,0,1,714.3639707533114,old,suv,0
24,6,14480.911102406164,0,0,511.95679177568536,old,suv,1
38,19,14901.156539724303,0,0,632.465358505581,moderate,sports,0
59,40,16892.33068798023,0,1,632.339048983695,moderate,suv,0
43,23,10903.269438209063,0,0,729.2739689327577,moderate,sedan,0
61,41,20173.200436424915,0,0,,new,sedan,0
73,52,,0,0,548.9774070947867,new,sports,0
31,13,18342.33110535891,0,0,794.6686169487302,new,sedan,0
74,55,11879.73618829954,0,0,,moderate,suv,0
54,36,10540.904555851012,0,0,759.223944190075,old,sedan,0
38,16,19730.85372749761,0,1,594.9855101651601,moderate,sedan,0
35,16,10369.003016544804,0,1,666.3925953433372,new,suv,1
22,4,15597.220964901766,0,1,672.5987460104305,moderate,suv,1
20,0,19075.98332675176,0,0,669.7707440708796,moderate,sports,0
40,19,14492.792123580562,1,0,717.449919843457,moderate,suv,1
43,24,,1,0,689.1459497933532,moderate,suv,0
54,32,13913.766784824662,0,1,728.3649129870538,moderate,suv,0
41,20,9890.328004875873,0,0,696.4619960345135,old,suv,0
66,45,16496.69016443527,1,0,523.5544741074157,moderate,sedan,0
36,14,15793.184134857815,0,0,676.9799074557988,old,sports,1
68,50,25751.90497522964,0,0,593.6130097494666,moderate,suv,0
42,21,11219.564535547921,0,1,539.0737522092717,moderate,sports,0
38,18,13992.611578682596,1,0,621.01601073227,old,suv,1
29,8,12076.537519265115,1,1,668.323559903509,moderate,sedan,0
74,56,14430.061673712817,0,4,674.9675027987785,new,sedan,0
58,40,14268.790270374531,0,1,755.6024745140268,new,sedan,0
50,31,11510.800711757965,0,2,780.7309118971577,old,sedan,0
67,47,16872.950438787553,0,0,683.6280830757356,moderate,sedan,0
70,52,14143.424511642143,0,1,701.7106377009409,moderate,suv,0
21,0,20381.93187153568,0,1,659.5309033175655,new,sedan,1
59,39,12405.771506845394,1,2,726.7225463649585,new,sedan,0
74,54,22445.49228527289,1,0,698.6988138837064,old,sports,0
24,2,16103.496025500595,0,0,644.5511906142196,old,sedan,1
39,18,20085.333758340395,0,2,850.0,moderate,suv,0
72,50,15461.813862491472,2,0,595.3816636558181,moderate,sedan,0
50,28,11877.382400576105,0,2,795.4456956708337,old,suv,0
34,13,13945.916319363472,0,0,514.5707073673063,moderate,sedan,0
41,20,9452.927156649257,1,1,731.3616536451455,old,suv,1
51,30,14553.86553522597,0,1,793.6568351726837,new,suv,1
45,24,15688.37150452732,2,1,459.278092899208,moderate,sports,1
60,39,15182.891182741781,1,1,663.8950573055095,old,sedan,0
58,36,20320.628900547457,0,0,721.5414041244044,moderate,sedan,0
56,37,14403.464675748368,0,0,675.1963604128066,moderate,suv,0
39,20,7424.025628631134,1,1,687.8155935606964,moderate,sedan,0
66,48,29176.260043839124,0,0,663.6223162376664,new,sedan,0
34,15,,1,0,540.5752173638408,old,sedan,0
51,32,18874.98043516498,1,0,850.0,new,sedan,1
23,1,8983.013315820717,0,0,599.64621366842,moderate,sedan,0
63,42,15980.848693873417,0,0,693.4161238778905,old,sedan,0
23,2,11821.816767714534,1,1,585.3160322914573,old,sedan,1
51,29,3709.4601670218926,0,2,422.41368099793016,old,sedan,0
18,0,13868.760019829815,0,1,557.5487126251031,moderate,sedan,1
27,5,14799.73856707801,1,0,505.2393307724862,moderate,suv,0
38,20,14124.456305375334,0,0,759.156753922449,moderate,sports,0
22,1,15972.453393134863,0,0,589.3131983955545,new,sedan,0
19,0,13921.967653096597,1,0,598.5908660820037,new,suv,0
39,21,15276.599264546187,0,0,543.5669287396264,moderate,sports,1
65,47,15680.448006617185,2,1,659.4035398715102,new,suv,0
74,52,14859.287644918262,2,1,578.3541483638719,old,sports,0
19,0,14316.896671191687,0,0,749.2354731246788,moderate,sedan,0
27,6,11425.385958817571,1,0,680.2039323089161,moderate,suv,0
51,31,17377.782416016456,0,0,592.8174214275552,moderate,suv,0
33,15,13868.010610800558,0,0,735.023305183702,old,sedan,1
65,45,13544.697097808403,0,1,650.7940523023238,old,suv,0
68,49,17049.177242017035,0,0,652.1496905689951,new,suv,0
56,37,15847.832108006252,0,0,503.73650962680745,old,sedan,0
39,19,12207.118715113684,0,1,642.8913867214686,moderate,sedan,0
29,8,20002.634571753086,1,0,682.1544639317998,moderate,suv,1
41,22,10243.10406035048,0,0,783.3566822198345,old,suv,0
64,44,10874.101824357023,0,1,574.8106370096677,new,suv,0
57,39,17673.415871373832,0,1,850.0,moderate,suv,0
55,35,22004.542389657774,0,0,705.6868316828986,moderate,sedan,0
27,7,12690.391231082245,2,0,498.05881239661926,new,sedan,1
52,30,16651.285490932583,0,2,565.4801885914444,new,suv,0
68,49,10230.545766926578,0,0,792.0999164216819,new,suv,0
66,45,11284.058735642779,0,0,774.3229142962394,moderate,suv,0
49,28,19528.792766882725,0,0,651.8093481560503,new,sports,1
24,2,16463.052123028545,1,0,664.9917703057852,moderate,suv,1
38,17,19652.91902056311,0,0,533.5389726274029,moderate,sedan,0
37,17,19345.235017745406,1,1,782.1442740235342,old,sedan,0
43,21,6641.801227530506,2,0,551.2232913225532,moderate,sedan,0
21,3,10216.182639777648,0,0,734.4741111123417,old,sedan,0
63,44,16097.903206311237,2,0,785.2042368665138,new,suv,0
69,50,8211.640076237758,0,0,654.8155554219509,moderate,sedan,0
39,20,10782.779829583684,0,1,746.7611366122198,new,suv,0
32,12,20707.869617641638,0,1,834.7639708025695,moderate,suv,0
73,55,12833.73649355646,0,0,676.7968799210738,moderate,suv,0
57,35,17841.19431448414,0,0,632.4698183568054,moderate,sedan,0
38,16,14887.326919390645,0,1,643.3147142448483,moderate,sedan,1
32,13,12280.254982821532,0,0,575.7012097327912,new,suv,0
39,21,8343.162909197868,0,0,573.4416207263126,moderate,suv,0
69,51,15933.20842625751,0,1,694.2406763825703,old,suv,0
45,27,20818.422156275454,0,0,633.6050177850715,new,suv,0
31,10,12393.89008093698,0,0,682.7569176851266,old,sedan,0
44,23,15274.39341691544,0,0,501.0063850147429,new,sedan,0
58,39,8920.844786592032,1,0,640.7381174812859,moderate,suv,0
57,39,12311.299234999813,0,0,753.0117850090463,old,sedan,0
45,27,16363.526637846242,1,1,538.1075723023982,new,suv,0
43,21,17974.86328159925,1,2,651.6526414134552,moderate,suv,1
66,44,17223.79499983275,1,1,464.5390689101589,moderate,sedan,0
19,0,6873.794757011053,2,1,519.4537977726826,moderate,sedan,1
42,24,13172.260643461028,0,1,,old,sports,0
73,54,11130.875558821506,0,1,619.071570668705,moderate,suv,0
20,0,13763.886896731825,0,1,832.2072865538543,old,suv,0
25,3,14555.23425805062,0,1,693.2443110424313,new,sedan,1
61,40,19265.40756478095,1,1,703.0595664889324,moderate,sedan,0
50,31,16180.948146774104,0,2,542.35179501051,moderate,sports,1
59,40,20671.32789154834,1,1,611.4894623155546,old,sedan,0
69,51,12201.958742291281,0,2,576.7363817952388,new,suv,0
52,34,9331.69376831271,1,0,543.4558260449414,old,sedan,0
23,2,20820.97056328186,0,0,716.3893126096135,moderate,suv,0
56,36,16733.820951602527,1,1,736.451586576868,moderate,sedan,0
69,49,12026.912930564413,0,1,689.8937194167448,moderate,suv,0
40,20,16751.29151404115,0,1,567.1932806774013,old,sports,0
42,23,18341.038268797725,0,0,683.0730035097463,moderate,sedan,0
67,48,15476.763252030367,0,1,458.7321598534344,moderate,sedan,0
60,38,12083.854287893848,0,0,782.300926870804,moderate,suv,0
36,17,,1,0,520.1849824362563,moderate,sedan,0
22,3,16162.485991399206,1,0,537.9541017561537,new,sports,1
68,49,15795.551821422749,1,1,661.5292269570192,old,sedan,0
28,7,19849.040231141655,0,0,670.4159560242045,moderate,sedan,0
73,54,13896.359150391878,0,0,642.7251401548216,old,suv,0
29,11,11144.957606497932,2,0,538.9872059017704,moderate,suv,0
27,9,25308.217318280127,0,1,763.3347993603293,moderate,sedan,0
25,3,15697.952797950944,0,0,481.4050798930749,moderate,sedan,1
41,20,18337.05103155815,5,1,501.6731009551555,moderate,sedan,1
45,27,17087.39348810352,1,0,639.3017228045519,moderate,sedan,0
58,37,15746.297754243556,1,0,,old,sedan,0
53,32,14089.025077027329,0,2,772.2625276275926,new,suv,0
54,32,3784.73718656832,0,0,532.1785364587085,old,sedan,0
38,17,10747.115036808718,1,1,805.7027152210312,moderate,sedan,0
25,6,16316.476853669179,0,4,753.5122165771573,old,suv,1
72,51,4124.1070479724185,0,1,773.5055735507584,new,sedan,0
26,4,15286.47357084112,0,1,838.7105982953245,new,suv,0
64,42,17644.922043457293,0,1,658.1227924095765,moderate,suv,0
32,10,18333.114468413733,0,1,548.7025404180042,moderate,sedan,1
65,47,17392.620989858824,2,0,639.6992124231358,old,suv,0
63,44,18833.567806468454,1,2,593.3334394591037,new,sedan,0
57,39,21422.44553296751,0,0,579.0808727486278,new,suv,0
35,15,19384.471741636735,0,0,665.0853436806832,new,suv,0
59,40,15787.325595607721,0,2,618.8295785792253,new,suv,0
37,16,14461.520580908991,0,0,574.7790315683003,moderate,sedan,0
23,1,15458.551498210765,1,0,625.4597607412742,moderate,sedan,0
29,9,13898.007393301124,0,1,704.8978464203705,moderate,sedan,0
19,0,19470.3229289825,1,1,745.6417206592696,new,suv,1
24,6,17288.40083320395,1,2,489.70760868090105,new,sports,1
33,11,13475.694182213094,0,1,619.6798913671457,new,sedan,0
20,2,20296.35113444838,0,0,635.8656794525295,moderate,sedan,0
62,43,13832.484583861557,0,0,531.7479977772368,old,suv,0
20,1,11216.91341570689,0,0,638.02942669593,old,sedan,0
44,24,14957.029813396819,0,0,664.7995609540028,old,sedan,0
67,46,11703.46606531311,0,1,701.883454528099,old,sedan,0
60,42,18744.822950149013,0,0,,moderate,sedan,0
57,37,11618.271264780098,0,0,561.9050590002445,moderate,sports,0
55,33,14538.52148715669,1,0,850.0,old,sports,0
50,29,18758.829967782363,0,0,732.9126771621598,moderate,sedan,0
45,25,12151.192165658627,0,0,705.2719744649867,moderate,sports,1
18,0,16644.574133278573,0,2,750.4831257010936,moderate,sedan,1
72,53,11106.338565982187,0,0,674.4609171810478,old,suv,0
25,3,15977.532508788723,0,1,778.6300885521955,old,sedan,0
54,36,17268.98739543009,1,0,655.6871950285764,moderate,suv,0
49,28,14831.397873274129,0,0,650.1747460274185,old,sedan,0
65,44,,0,0,713.5228478791204,old,sedan,0
60,41,16775.94328624212,1,1,807.6357546290924,new,sports,1
54,35,13877.965661502121,0,1,801.2048615289307,old,sedan,0
21,0,18558.21452431851,0,2,709.2847598259996,old,sports,1
47,25,20484.564189368364,0,1,701.6611858576799,new,sedan,0
23,4,,0,1,719.6042411096486,moderate,sedan,0
63,44,22068.238297830805,1,1,748.5620913336597,moderate,suv,0
71,50,13786.048962006258,0,1,779.8731939413242,moderate,suv,0
36,17,22977.3797988794,1,0,626.3415915996151,old,sedan,0
49,29,13840.33165654455,0,1,781.8061289837392,moderate,sedan,1
26,8,17829.51430056788,0,0,684.2995114071306,moderate,suv,0
29,10,17808.04244611763,0,0,715.093162249995,old,sedan,0
28,6,13450.75384710659,0,0,788.1949321533995,old,sedan,0
63,43,15290.50955271761,0,0,724.7062250090679,new,suv,0
72,50,20759.602225427243,2,1,741.5995563152841,old,suv,0
33,13,13711.270200951974,0,1,611.0581466717579,new,sports,1
18,0,13329.81573498165,0,2,799.831154374968,moderate,suv,0
62,44,10386.13119525554,0,2,719.5686711076125,old,sedan,0
72,50,21270.208880419726,0,0,662.6065717840497,old,sedan,0
70,50,13076.893753981585,1,2,,moderate,sedan,0
38,17,19799.92087179178,1,0,850.0,new,sedan,0
47,28,12594.580731716098,0,0,533.1075498178066,new,sedan,0
30,12,19674.338460781655,0,0,569.6267377076717,old,suv,0
51,32,18226.572466891,0,1,850.0,new,suv,0
21,0,14086.272315734566,2,0,692.6694842304374,new,suv,0
45,27,12062.896114842322,0,1,669.0869678631568,old,suv,0
55,34,12387.87769816778,0,0,638.4614258337834,moderate,sedan,0
48,29,12336.800519592918,1,0,770.843600097144,moderate,suv,0
72,52,19260.73272049456,1,0,850.0,new,suv,0
44,25,15640.921458453624,0,0,583.4811459266655,old,suv,0
22,3,10539.510269965187,1,0,640.3123272810666,old,sedan,1
42,23,13991.46635599568,0,0,614.9272871432134,new,suv,0
20,0,14475.919592238868,0,2,723.2864976819278,moderate,suv,1
50,29,6444.0444255450475,0,1,772.2393437650575,moderate,sedan,0
21,0,14213.948342295324,0,0,812.0932785333117,old,sedan,0
42,21,17892.771904114932,0,2,726.671828262028,moderate,suv,1
37,15,14449.488470970235,3,0,850.0,moderate,suv,0
51,31,16017.627514986609,1,0,592.5247016792587,moderate,suv,0
43,24,16938.05252309109,0,0,566.5459447567296,moderate,sedan,0
22,2,13629.59103691571,0,2,796.9344293316209,old,sedan,1
52,30,17923.01864464157,0,1,662.2832319596337,moderate,sedan,0
45,24,20829.9371913268,0,0,512.4059676584719,old,sedan,1
46,27,8904.56545021038,0,2,618.3937028362551,moderate,suv,0
26,8,13620.600990373838,1,0,675.5658654097274,new,suv,1
69,51,24318.46993381485,1,0,585.3751762092645,moderate,suv,0
55,35,15682.261532831997,0,0,548.5339312905411,moderate,sports,0
67,46,14860.59219803598,0,0,629.2370863474124,moderate,sedan,0
23,5,13967.830279111742,1,0,543.5466579638289,old,sedan,0
36,16,20097.740577091277,0,0,713.5131038980232,moderate,sedan,0
61,39,11244.027215083328,0,1,455.61951531071537,old,suv,0
74,54,18704.69810674055,0,0,659.0424927965422,moderate,sedan,0
28,8,13892.995876886987,1,2,701.9509888108303,new,suv,0
19,0,12000.62830916726,0,0,640.9458760251624,new,sedan,1
64,45,14075.589397323387,1,1,759.3222897070873,old,sedan,0
61,41,14814.478056391708,1,0,512.9438765795865,new,sedan,0
61,41,13009.025498308662,1,0,579.8910498623885,new,sedan,0
26,7,19451.09007126022,0,0,616.9965353749111,new,suv,0
38,19,12031.663620308893,0,0,721.2724569409306,moderate,suv,0
41,19,15560.29939183931,1,0,671.8507586046121,moderate,sedan,0
51,30,17149.730365552117,0,3,850.0,new,suv,0
39,21,15518.892194733493,1,0,,moderate,suv,0
20,2,18088.919733933166,2,1,510.5011101419349,moderate,suv,1
29,9,13265.743868945803,0,0,828.908898293306,old,sedan,0
45,23,17490.508159249286,0,0,506.91414160676175,old,suv,0
47,27,17608.91280046678,1,0,718.3062711399045,moderate,sedan,0
43,25,18872.480308962477,0,0,552.1329957978031,moderate,sedan,0
65,46,7457.368206956039,1,0,443.06816491523136,new,sedan,0
38,17,17036.18455469627,1,1,612.5216206186768,old,suv,0
45,23,,0,2,739.949996247716,moderate,suv,0
73,54,13354.16547683805,0,1,527.8228911526926,moderate,suv,0
43,22,12808.714303027115,0,0,707.6094728144831,old,suv,0
50,28,12194.489579110177,1,0,726.2863561186451,old,sports,0
38,16,10871.977374670507,1,0,522.8309858480696,old,suv,0
52,34,17663.040216031208,0,1,627.223871128763,old,sedan,1
69,50,24127.611666056684,0,0,807.7074822327164,old,suv,0
51,29,12775.919911367455,0,0,715.0592619963743,moderate,sedan,0
58,36,13133.806215180035,0,0,623.8507535423979,moderate,suv,0
68,47,15061.586147511582,1,0,691.529548125392,old,suv,0
64,46,8592.099950521282,1,0,581.4736691529552,old,suv,0
35,15,12217.806662032508,0,2,761.3695678385025,new,sedan,0
28,10,14772.137278946935,0,1,761.3260064602139,moderate,suv,0
74,54,11424.286707996334,0,1,662.0905915086055,new,sedan,0
40,21,19789.765506198673,0,1,673.0706156457694,old,sedan,0
65,46,9824.730539728429,1,0,550.1203124994328,moderate,suv,0
39,17,18604.02129680846,1,0,514.796357293217,new,suv,0
34,15,20874.0090875416,0,0,612.3395256058469,moderate,sedan,0
22,0,16526.898979387308,1,1,641.2598290308822,old,suv,0
61,43,14450.19777217609,1,1,756.2627497387989,moderate,suv,0
28,9,15985.127251889993,0,0,742.242775061831,moderate,sedan,0
47,29,13237.745864240424,0,0,668.4832888359093,moderate,suv,0
32,14,,0,1,,new,sedan,0
44,25,11082.990667982533,1,0,555.6513821185597,new,suv,0
52,34,14955.283538088472,1,0,757.733688727837,moderate,sedan,0
50,31,11237.25246011794,0,1,570.9571285650533,moderate,sedan,0
37,18,13347.508456922747,1,0,773.9694530064243,moderate,suv,0
33,14,16916.716637645975,0,0,648.6653535230018,moderate,suv,0
51,31,15580.096689889975,0,0,450.1713323462262,new,suv,0
19,1,19233.899088475853,0,0,723.0157164031442,old,sedan,0
52,31,16176.670152006409,0,0,730.954575950078,moderate,sedan,0
57,38,16411.88299889147,0,1,604.3419945511419,new,suv,0
73,55,12150.842856774882,0,1,612.8740421605984,new,sedan,0
45,23,9675.575605034415,1,1,634.0454720115396,new,sports,1
64,45,13348.311419957876,1,1,457.48481873737285,new,sedan,0
56,37,12091.260469388524,1,0,413.5271826904857,moderate,sedan,0
23,2,14332.929476502057,0,3,780.1625638130389,moderate,suv,1
26,6,10735.846548458427,0,0,567.5932332589423,moderate,suv,0
37,17,18369.954948940558,1,0,835.5264109576364,moderate,sedan,0
18,0,12076.50029394596,0,1,787.0401801138914,old,sports,0
25,7,13544.923914507399,1,0,806.7195314269738,moderate,suv,0
72,50,,0,1,584.9701047532845,old,suv,0
40,18,19492.707786406732,0,1,489.1598813069419,new,suv,0
20,2,,0,0,,new,suv,1
21,2,22309.76776445518,0,0,605.3545272847089,moderate,sedan,1
42,20,9872.817518594366,0,0,412.677026714936,new,suv,0
64,44,13507.438095180012,2,1,602.4574310875832,old,suv,0
55,37,12746.45419819079,0,0,629.832197248889,new,sedan,0
32,11,16481.236510902436,2,1,520.5579028413306,moderate,sedan,0
38,19,16237.130412854372,0,0,545.9514901754168,moderate,suv,0
52,34,12667.992606536016,1,0,627.9401478819199,new,sedan,0
74,52,12352.254364946497,0,0,685.6286548310302,moderate,sedan,0
70,51,11010.26504499301,0,1,560.9177331999756,moderate,sedan,0
70,50,4383.350617160575,0,0,679.2252609576269,moderate,sedan,0
63,44,9807.341865869053,0,2,663.6846007987855,old,suv,0
69,50,18467.09866073845,2,2,654.6885859018391,moderate,sedan,0
31,11,20858.817934964984,1,2,584.7985876143423,moderate,sedan,1
53,33,20391.430349049962,0,2,,moderate,sedan,0
29,10,18636.93576873188,1,0,,new,sedan,0
34,14,10952.2322139403,0,0,713.0305916457426,new,suv,0
56,38,10275.110209566472,0,1,750.5731653060739,old,sedan,0
26,6,7755.907428472034,0,1,641.6370315161078,moderate,sedan,0
52,32,12667.211368465118,1,0,633.5974557739862,new,sedan,0
30,11,15348.424877223884,0,1,,new,suv,1
32,14,10968.862912329263,2,0,466.5311649547755,moderate,sedan,1
35,14,16724.352294548407,0,0,,new,suv,0
68,47,17607.431078062404,1,1,570.2225121971627,moderate,sedan,0
50,28,,0,1,604.5433577458238,new,suv,0
23,3,9639.929088305791,1,0,,new,sedan,0
44,24,20523.70625520519,1,2,683.2807125250746,moderate,sedan,0
40,22,15140.568898483489,0,1,658.1447234462836,old,suv,0
44,23,22764.824033063687,0,0,789.2864689751377,moderate,suv,0
51,29,15369.516597568274,0,1,850.0,old,sedan,1
73,55,15648.851668984897,0,0,523.7149759851567,new,sedan,0
63,43,11142.012720041592,3,0,664.7305213968446,old,sedan,0
55,34,13305.82666643688,1,0,664.5525878206975,new,sports,0
31,9,8764.78892232833,1,1,648.5801930235338,old,suv,1
53,34,9625.502546860887,0,1,541.5175429034498,old,sedan,0
70,49,17964.660189306152,2,1,558.280255435745,old,suv,0
25,3,13869.666467532066,1,1,674.0405611916119,old,sedan,0
52,34,13309.367885531514,1,2,555.4649926692764,moderate,suv,0
36,17,12038.296077251494,0,0,665.9271972167007,moderate,suv,0
47,25,13457.905182225553,0,1,625.4050215454395,moderate,sedan,0
31,9,19532.25376642869,0,0,664.1657903121283,moderate,sedan,0
37,17,15576.887027490675,1,0,554.6699529565566,new,sports,0
66,45,10279.940479622854,0,1,665.7469242334537,moderate,suv,0
42,22,19121.53877555597,0,1,561.9047416523409,moderate,suv,0
57,38,21900.154359192064,0,0,666.0695608656919,new,sedan,0
41,19,16978.81867220089,1,0,783.9396122439157,moderate,sedan,0
31,11,18565.16084715531,0,0,676.0983850016071,moderate,suv,1
43,22,19883.131669475726,0,2,682.1870382383057,new,suv,0
55,36,8373.58032606243,0,0,731.7206517497548,moderate,sports,0
40,22,22457.08147154269,1,0,509.6441655526737,old,sedan,0
39,19,19395.256282708808,0,1,821.8921573723012,old,suv,0
65,46,16955.41880365171,1,0,544.441000738763,moderate,suv,0
74,56,14498.157843391316,1,1,737.9660997368937,moderate,sedan,0
36,16,9651.03033632462,1,1,724.6909987256323,new,sedan,0
63,44,13674.395585214945,0,0,559.783363849524,new,sedan,0
68,49,16793.58806611846,0,0,750.8886136766762,moderate,suv,0
20,0,10582.566483841541,2,3,699.7812766413309,old,suv,1
59,40,14721.01093047706,1,1,838.9978644402257,old,suv,0
36,14,10265.834516756306,2,0,669.3378751341293,old,suv,0
26,6,13461.503295743278,1,0,639.1456668477402,moderate,sedan,0
45,26,9589.490534970457,0,1,598.5237472081795,new,suv,0
37,19,9168.895648811196,0,2,475.66447286488267,moderate,suv,1
62,44,16360.357645855614,3,1,618.177243524884,moderate,suv,0
24,2,12680.969766398202,1,0,622.4101605741123,moderate,sedan,0
31,11,13056.83761436608,0,1,676.2058182557435,moderate,sports,0
26,7,12466.22546091648,0,0,507.6896889117534,moderate,suv,0
72,53,25892.471950505726,0,2,626.0987788813121,old,suv,0
74,56,17429.468342823147,0,0,707.6251392022116,moderate,sports,0
36,14,17858.97415667083,0,1,717.5509675492517,old,sedan,0
64,46,11898.337854773756,2,2,464.0184823862673,new,suv,0
69,51,17019.00275428532,1,1,720.6406608653224,moderate,suv,0
31,9,14089.115987687654,1,1,625.3426086878508,new,sedan,0
73,53,11866.201036398421,0,1,631.4989122501446,moderate,suv,0
55,36,,1,1,413.5484630144162,new,sedan,0
70,50,17291.1654488385,0,0,799.357116255788,new,sedan,0
53,32,17089.354521888745,0,0,667.6798885011295,old,sports,0
57,36,11113.06551691311,0,1,496.8539573477293,moderate,sedan,0
34,13,9919.163026452214,1,2,687.5201574916466,old,sports,1
47,25,14769.794119047361,1,0,684.4478440847024,new,sedan,0
26,8,12705.943917918286,0,1,772.254415293299,new,sedan,0
50,30,17450.56377035083,0,1,619.0311230709123,moderate,sedan,0
73,54,17717.043523554858,1,0,651.1996068938586,moderate,suv,0
69,48,15262.013072477373,0,0,585.7192199762092,moderate,sedan,0
42,22,18310.852694331013,0,0,709.7948613992738,moderate,sports,0
31,10,15773.217592423971,0,0,571.6509658324951,old,suv,0
28,7,11513.241537724763,1,1,560.700948291977,moderate,suv,0
70,51,14206.901133142714,0,1,643.220246222008,moderate,sedan,0
52,30,15542.932170348407,0,3,527.4136228696171,moderate,sedan,0
58,40,18715.700242567385,0,1,810.2131218539234,moderate,sports,0
31,9,15899.803377756612,0,0,842.7266727741876,moderate,sedan,0
47,27,12714.197581382992,0,1,604.6409914578185,moderate,sedan,0
58,36,18864.68522379062,0,0,511.34049934428344,moderate,sedan,0
21,1,16523.02338299173,0,0,683.6592038902062,moderate,sports,0
21,1,21182.694902346644,0,1,601.7897482031076,old,sedan,0
45,27,15349.109875808865,2,0,767.4681132528032,new,sedan,1
25,6,10850.68514492112,0,1,571.2853404470096,old,suv,0
19,1,19707.917454193946,1,1,704.4513222428443,moderate,sports,1
58,36,12692.840146146991,0,1,661.3993589391694,moderate,sedan,0
63,43,16181.696508003048,1,1,582.373848938659,old,sedan,0
39,18,15742.866757475858,0,0,674.0049828491941,moderate,sedan,0
58,37,15182.517319951456,0,0,737.8532558474849,old,sedan,0
73,53,14320.720111291204,1,2,658.6848519055396,moderate,sedan,0
72,54,8391.423472444732,1,0,659.7284665126258,new,sedan,0
33,14,10991.584301478277,1,0,562.7216572146325,moderate,suv,0
46,28,19488.529288921905,0,0,764.4204797904135,old,sedan,0
66,46,16715.20287109704,0,1,754.4546578143184,old,sedan,0
65,45,22637.18820250585,1,3,608.9440811313503,new,sports,0
47,28,10849.1807118621,0,0,637.5711540517004,moderate,sedan,0
29,7,14877.375578590249,0,0,791.4220672690327,moderate,sedan,0
52,30,19652.774075845507,2,0,536.6429178952544,moderate,sedan,0
28,9,12736.705958585288,0,2,710.4288391358781,new,suv,0
63,41,13058.531823556319,1,0,594.1386226868872,new,suv,0
67,46,13826.640541445051,1,0,827.807787675164,old,suv,0
38,16,13218.608820013797,0,2,656.3446728665338,moderate,suv,0
38,16,17127.18959392249,1,1,776.0378518140043,old,suv,0
22,0,7879.159320736289,2,0,573.8672651538872,old,suv,1
65,44,21570.903629591863,1,0,525.1471317675732,moderate,sedan,0
37,15,11161.346693778225,0,2,626.5740542798889,old,sedan,0
54,33,6531.3132480195345,0,1,676.2683457946837,moderate,suv,0
20,1,14959.042408731102,2,1,598.9268317983586,old,sports,1
61,43,13490.396143786069,0,1,725.8307426274968,moderate,sedan,0
50,31,14288.081004669548,1,1,629.0046432189571,moderate,sedan,0
70,52,16250.306301342256,1,0,441.8562838233394,moderate,suv,0
26,7,17579.3651582169,0,0,705.2811979193001,old,sedan,0
26,8,21746.60541467159,0,2,561.7462940852843,old,suv,0
21,3,12239.436649804422,0,0,613.8402618323481,moderate,sedan,0
52,32,18097.16423265744,0,0,805.3131203539356,moderate,sedan,0
34,16,17835.74580427487,0,0,827.2811724121091,moderate,sedan,0
51,33,4436.857457698383,0,3,592.4506564907189,old,suv,0
41,21,11667.222389856506,0,1,707.778663063184,old,sedan,1
49,27,9852.077742876954,1,1,594.7725509577356,moderate,suv,1
18,0,16791.571434231697,0,0,621.3127021101396,new,sedan,0
25,5,16351.303663727955,1,1,589.4224585101447,moderate,suv,1
62,41,16431.71079993953,0,1,477.56563196035154,moderate,sedan,0
40,22,13777.630929942336,1,2,659.5055223733709,old,suv,0
64,46,14180.973763679383,1,0,678.8165386946166,moderate,suv,0
57,37,14885.676993555708,1,1,582.8998254688862,moderate,sedan,0
29,9,13395.546914948281,0,0,758.7791711437109,old,sedan,0
71,50,18108.72908841929,1,1,606.391978290478,new,suv,0
29,7,10721.345495950132,1,0,586.2788175140985,moderate,sedan,0
63,44,11872.744546564707,0,0,702.6503118108106,moderate,sedan,0
64,42,15485.27692902623,1,0,495.7318010027471,moderate,sedan,0
32,14,13528.283127420164,3,0,740.6679031702806,moderate,sports,1
58,38,10564.873682357957,0,0,609.7830842605637,old,sports,0
36,15,17127.701285475414,2,0,748.9286076394089,moderate,sedan,0
43,21,12710.850509622791,2,0,778.8130525829156,new,suv,0
69,48,11621.11611692837,0,0,714.0153442357141,moderate,suv,0
46,24,14302.481170384397,0,1,568.8026707271689,new,sedan,0
39,21,11427.00200992641,0,0,524.9168293515595,moderate,sedan,0
57,38,14863.274684678043,0,0,506.5927336664764,new,sedan,0
38,17,13561.204656106682,1,0,760.2910701701311,old,sedan,0
68,47,12949.67958501296,1,0,636.5199887799816,moderate,suv,0
55,36,12974.665749875097,0,0,590.0778205469152,new,sedan,0
37,16,18982.46065610098,0,1,636.7917848461108,moderate,suv,0
74,53,16476.869645110713,0,1,758.0621208954168,moderate,sedan,0
46,24,8163.213895266586,0,0,727.8739785359551,moderate,suv,0
68,46,18531.94482184716,0,0,693.8506155708855,moderate,suv,0
21,2,17066.22817919934,1,1,713.7886057426405,old,suv,0
72,54,16830.059607380146,0,0,668.0172355496949,moderate,sports,0
24,3,18551.643545007006,1,0,680.2113057296425,moderate,sedan,0
45,27,15060.120147643187,0,3,672.1025231151046,old,suv,1
45,26,17480.334726447825,0,0,,moderate,suv,0
21,2,13142.112240574615,0,1,725.3373883831282,new,sedan,1
39,17,18390.32127283671,1,0,686.1282106200395,new,sedan,0
29,8,15872.454220162226,2,1,561.9284968893043,old,sedan,0
62,42,,1,2,702.8874385522654,old,suv,0
20,1,19145.539871722176,0,0,674.7247066379305,new,suv,0
39,18,14484.381404918462,0,1,711.1413468915099,moderate,suv,0
61,43,13927.50916392861,0,2,639.5793086384972,new,sedan,0
19,0,13229.330157427052,0,0,731.1740313767158,moderate,sports,1
41,23,13522.545524287028,0,1,643.8591449133843,new,sedan,0
51,32,15918.541260295302,1,0,722.3879686600545,new,suv,0
44,25,11049.680019338792,0,0,604.3528484049489,old,suv,0
72,54,8725.54930207021,2,1,611.2745945901047,moderate,sedan,0
58,39,10742.137843601515,0,1,710.2052523210125,new,suv,0
18,0,16526.871403360143,0,1,616.8226606255256,old,sedan,0
25,6,14352.247413746954,0,0,850.0,old,sedan,0
40,18,19452.77249830791,0,0,706.6444986779027,moderate,suv,0
55,34,14740.349069019916,0,0,652.49234861542,old,sedan,0
23,3,18370.052432944784,0,0,731.9900776758849,moderate,sedan,0
39,20,12228.741567799632,0,0,601.9319590023483,new,sedan,1
42,23,13259.431162391124,0,1,742.3014819233017,new,sedan,0
35,13,15038.096631734432,0,1,739.5235216663532,moderate,sedan,1
34,12,14412.092071811448,0,1,775.353405777955,new,suv,0
29,11,14038.539873469175,0,1,605.9190468651423,moderate,sedan,0
23,5,11511.54178996721,0,2,527.7266745862255,new,suv,1
43,25,8657.751816536203,1,0,588.9845360797451,moderate,suv,0
44,22,17524.066287953974,0,0,621.8369484027253,new,sedan,0
25,7,17077.041417430846,0,0,816.7211600851755,moderate,suv,0
36,18,12544.52310770513,1,1,850.0,moderate,sedan,0
59,39,16515.535151211345,0,0,684.4662304643982,moderate,sedan,0
18,0,14334.21596212025,0,2,650.9390608018599,moderate,sedan,1
74,55,19424.687007169323,0,0,615.0092169525789,old,sedan,0
46,24,9750.961626698525,0,1,732.4690350210867,moderate,sports,1
62,41,14493.094633748984,1,1,850.0,moderate,sedan,0
66,46,14173.813062204223,1,0,828.5850891188272,moderate,suv,0
52,30,15644.46383542471,0,1,763.7976612605834,moderate,suv,0
57,35,21148.5512435272,1,1,762.3302531113857,new,sedan,0
31,12,14505.131319446054,1,1,733.2309886254114,new,sports,1
52,34,17972.528719432805,0,0,645.2709354291466,moderate,sports,0
65,46,14408.734939696917,1,1,576.3451777459204,moderate,sports,0
62,44,19283.65177349835,0,0,647.9185910672059,new,suv,0
37,19,18011.393324801084,0,1,692.2339602131353,moderate,sedan,0
73,51,13666.740021967984,1,0,504.6366101281705,new,sedan,0
66,48,13378.795756786629,0,1,634.7049270633792,old,suv,0
30,10,16947.842557718715,0,0,567.4067645408727,new,sedan,1
55,35,12378.37584158157,0,0,751.3841161068142,new,suv,0
66,46,15762.530382524843,1,0,595.029159784329,moderate,suv,0
63,41,13576.81368828049,1,1,682.8220331980988,moderate,sedan,0
66,47,16472.410592627253,1,3,579.9979707064424,moderate,sedan,0
25,4,14355.929697350322,1,2,809.7699325960916,moderate,sports,1
60,42,12229.675290438136,0,0,479.92430634654147,moderate,sedan,0
37,16,19421.22762961445,1,0,697.5840376843967,old,sedan,1
50,31,15958.224948973526,0,1,522.2742331560067,new,sedan,0
43,24,14785.658498724557,1,0,599.066734951515,moderate,sedan,0
56,34,16679.95498088322,1,1,670.6186703684505,old,sedan,0
38,18,8315.25066841347,1,1,675.5357031316837,new,sedan,0
70,50,23360.73929906424,0,1,672.9266841095413,moderate,sedan,0
66,47,15098.751055542632,1,0,665.1749140975501,new,suv,0
59,37,7147.308360474701,1,1,585.8155738126558,new,sedan,0
60,38,19788.378105035823,0,0,633.5946676911188,moderate,sedan,0
71,53,11994.445989268503,1,1,653.1634016178915,new,suv,0
58,38,19174.853413104523,1,1,669.5360396758883,new,suv,1
26,7,15486.269950850596,1,0,643.4319527193012,moderate,sedan,1
41,20,8718.340700644058,0,0,722.9590420984455,new,suv,0
54,34,16045.046834420737,0,1,,old,sedan,0
66,48,15750.837792511698,0,2,670.1325967621614,old,sedan,0
58,36,19607.08587754749,0,1,611.7347651688483,moderate,suv,0
34,15,17088.65548155367,0,0,544.7558073385578,old,sedan,0
41,21,10042.353411779633,0,0,,moderate,suv,0
38,17,,0,0,770.7446043962938,moderate,suv,0
68,50,13343.74226879871,0,2,694.3861230730413,new,sedan,0
56,38,21881.06123541974,0,0,568.2506058785208,old,sedan,0
72,52,13580.880450598572,0,1,731.4740025818604,old,sedan,0
58,37,14154.834568826976,0,1,616.4882932206043,new,sedan,0
56,38,,1,2,721.4653980480288,moderate,suv,0
30,11,13005.607857303303,0,0,613.1204135103839,moderate,sedan,0
28,10,11948.23726667154,1,0,685.330643982737,moderate,sedan,0
63,42,19705.79530146509,1,0,598.1502663375653,moderate,suv,0
36,14,9673.96680178219,0,0,600.6947503529666,new,sedan,0
28,6,18218.31854295057,2,1,493.373463290426,new,sedan,1
30,10,18314.640486070926,0,0,701.207481916116,new,sedan,0
63,42,20510.1900917863,0,1,687.0169634820337,moderate,suv,0
62,44,15175.046113759741,0,0,692.6442716260942,moderate,sedan,0
18,0,10893.224967702867,1,1,677.5330561131811,old,sedan,0
57,35,14312.967810560152,0,1,573.7749966676697,moderate,sedan,0
61,39,17378.79411992325,0,0,746.589926449358,moderate,suv,0
36,17,15338.919754000552,0,2,749.277930009227,new,sedan,0
29,7,16466.911008743253,0,0,571.1762534829418,old,sedan,0
25,6,20461.144543565468,1,1,703.2123991349958,moderate,sedan,0
25,7,17328.013417714465,1,0,737.4991185367977,moderate,suv,1
70,51,15793.766114123422,0,0,602.9901726656278,new,sedan,0
62,43,7622.553351117254,0,1,620.3964310755648,moderate,suv,0
29,9,11864.59766138113,0,0,703.4113408211786,moderate,sedan,0
65,43,13381.299527223246,1,1,498.9670230585699,new,suv,0
50,31,7091.5472821821795,0,1,541.1482778466,old,suv,0
62,44,10562.925654131332,0,1,551.0224992130438,moderate,suv,0
43,22,13926.189755212943,0,0,470.36836351745046,moderate,suv,0
56,37,14577.12790119561,1,1,758.493977418748,old,sedan,0
45,23,17023.241062574638,1,1,451.1868185808333,moderate,suv,0
22,2,14178.829623794427,0,0,684.3110663431366,new,suv,1
25,7,,0,1,731.168339475522,old,sports,0
42,22,13328.842203683738,1,0,,moderate,sedan,0
44,23,15168.0529182139,0,0,583.1632375268755,old,suv,0
63,44,16803.89124300683,0,1,673.2842450736639,old,sedan,0
40,21,20890.521002652233,0,1,650.1833000594481,new,suv,0
47,25,12941.42876759515,0,0,750.3504862416415,moderate,sports,0
62,43,15576.727966035716,0,0,387.14788596020423,new,suv,0
64,46,18476.510148872774,0,1,558.1292523851872,moderate,suv,0
40,19,9241.62556867913,0,0,706.1576883916056,moderate,sedan,0
66,46,22991.304500108523,0,1,655.0447442774461,new,sedan,0
64,43,19716.123010367788,0,0,725.2034159196867,new,sedan,0
37,18,8154.04605854024,1,0,676.2019976239662,moderate,sedan,0
35,15,16485.52736641376,1,0,636.5262936758687,moderate,sedan,1
35,13,12742.186264543538,1,1,619.7711556906496,moderate,sedan,1
19,0,13410.607872327555,0,0,850.0,old,sedan,0
21,1,16402.005987288416,0,3,803.4946274031511,moderate,sedan,0
47,27,19201.598143497755,0,1,699.5505098095222,old,suv,0
50,30,13136.508231306858,1,1,657.8463893448414,new,suv,0
53,35,13190.207176865571,1,1,703.8132549353435,moderate,sedan,1
35,14,16488.667049464435,0,2,732.6834717872908,moderate,sedan,0
54,34,17287.82528789,0,0,691.882668570451,old,suv,0
36,15,10971.474512783678,1,0,574.8619876613442,moderate,sedan,0
64,44,21894.691606767818,1,0,828.4510767724511,old,sports,0
45,23,12426.742691360714,1,0,674.620822775402,old,sedan,0
57,35,18858.69695874568,0,0,850.0,moderate,sedan,0
37,15,16806.81859956271,0,0,668.7147486877334,moderate,sedan,0
66,47,17425.295688033148,0,0,625.4346647874466,moderate,sedan,0
50,30,12504.194335034928,0,0,788.4140124046464,moderate,sedan,0
29,10,8104.599124759845,0,2,680.1186958077767,moderate,sedan,0
68,47,14914.394008363208,0,1,663.342263450929,old,suv,0
32,13,14930.879455754815,0,0,529.9635794357406,old,sedan,0
58,37,11167.912369258847,0,1,716.0217805135828,old,suv,0
56,35,18671.772766248447,0,1,600.6689617044092,moderate,suv,0
19,0,14793.882247254238,0,1,,new,suv,1
46,27,,2,0,600.9451154594828,moderate,sedan,0
58,38,17340.285377536326,2,0,693.9033834695302,moderate,sedan,0
27,8,17446.48000445084,0,1,496.462372642431,old,sedan,1
19,0,12134.608243456398,1,0,628.9154657274192,old,suv,0
68,48,19933.56772963752,2,1,748.0278991109378,new,suv,0
28,7,23972.975852921416,0,0,525.4331130659992,moderate,sedan,0
30,11,10639.878018105417,0,0,667.2878960934585,moderate,sedan,0
27,7,14265.224134493628,0,0,586.8600579729166,moderate,sedan,0
31,9,,0,1,609.6306880534366,moderate,suv,0
35,15,24121.04092119571,0,0,815.5152260389907,new,sedan,0
68,46,12064.890868770484,0,0,484.95108164549913,new,sports,0
71,52,11241.662045621006,0,1,726.5630338171616,old,sports,0
26,7,11214.323410860994,0,1,602.2071731222787,new,suv,0
74,55,19885.694373567807,0,0,597.2336014854333,old,sedan,0
56,36,12168.674887064259,0,2,538.8437657511732,moderate,sedan,0
45,27,11599.463189129527,0,0,725.3899637273636,old,sedan,0
20,0,15923.869314780615,0,0,630.8595383715983,old,sports,1
37,17,16232.885246335922,1,0,618.2330586205347,moderate,sedan,0
23,2,19284.081888451343,0,2,660.9836929204075,moderate,suv,0
44,23,15367.704148028906,1,0,632.9712874258199,moderate,sports,0
70,50,15995.728423841068,1,1,449.93121202464755,new,suv,0
19,0,14578.917537682799,2,1,600.9175817022642,new,suv,1
46,25,9782.772305894345,0,1,739.5440890948324,moderate,sedan,0
55,35,,2,2,499.33835358876917,old,sedan,0
20,2,15251.334291677364,0,1,541.0062100143646,moderate,sedan,1
33,11,13224.706081234672,1,0,607.3208604601474,moderate,sports,1
47,28,8742.184053504126,0,0,577.4376581362858,moderate,sports,0
57,37,10460.03812895552,0,1,647.2114517858392,old,sedan,0
19,0,14842.474808419407,0,1,540.6923248321259,new,sedan,0
34,12,18731.01238362104,0,0,611.2145476190627,new,suv,0
58,37,21729.136384492864,0,2,645.2005468400666,old,sedan,0
29,8,14264.677678719512,0,0,714.8940416207971,new,sedan,0
52,31,12132.502917150103,0,2,774.4789386099596,moderate,sedan,0
60,41,13509.962005864782,1,0,623.8452846146561,moderate,sports,0
18,0,10814.339055225155,0,0,838.8060241245826,moderate,sports,0
72,50,18150.982165245725,0,1,631.6095419455476,moderate,suv,0
62,41,23550.446517516895,0,0,732.887514825653,old,suv,0
32,11,12229.860462579989,0,1,843.1507734726779,new,sedan,0
43,25,10231.833823352272,0,1,663.9308409235936,new,suv,0
54,36,19025.93331996114,0,0,512.6473378422464,moderate,sedan,0
38,18,16272.20619271584,1,0,659.0903857207632,moderate,sedan,0
66,46,16339.716103581952,0,3,588.835711179509,moderate,sedan,0
48,26,21352.695712683817,0,0,622.5567973027548,old,sedan,0
42,20,9534.054717458534,0,0,848.4976882495215,old,suv,0
40,21,9422.333738964378,0,0,527.7236576776124,new,sports,1
41,22,14353.14273527758,0,2,680.0466822305859,moderate,suv,0
74,56,15253.61404344197,0,2,562.2278719678276,new,suv,0
55,35,13580.206933037367,0,1,619.2342058799086,old,sedan,0
45,27,24843.01171483352,0,1,724.4842335204484,moderate,suv,0
38,20,13759.031767256292,0,0,681.8163943473023,moderate,suv,0
71,51,12797.098870911143,1,0,627.4967731038411,old,sedan,0
60,41,15497.37433952452,0,2,585.0199674735372,moderate,sedan,0
35,15,,0,2,681.6078192153615,new,suv,1
53,32,12098.289027266419,2,0,820.7686717153371,moderate,sedan,0
52,31,14412.053399340077,1,0,559.8648057376377,moderate,sedan,1
62,41,18997.138560938034,1,1,841.1663885457773,moderate,sedan,0
72,50,19219.22573237849,0,0,769.9497450725152,moderate,sedan,0
26,7,15870.512400491401,0,0,786.9353367577767,new,suv,0
70,51,24673.564881018003,0,0,680.8432380929602,moderate,suv,0
55,33,,0,0,767.1129775509894,moderate,sedan,0
47,29,9375.535275761045,0,1,549.1168717549374,old,sports,0
61,40,8232.1551212497,0,0,583.1956092151488,new,suv,0
51,30,18182.857791461432,0,0,726.5813813920392,new,sedan,1
49,31,20461.46257856464,0,1,679.5845055223816,moderate,suv,0
20,0,14100.964060566375,3,1,635.1620741502231,moderate,sedan,0
20,0,,1,0,399.7391109392578,new,suv,1
45,26,11718.837624377227,0,2,606.4525951961829,moderate,suv,0
61,39,10327.95230462518,0,0,532.5946219701734,old,sedan,0
32,13,19545.371183647396,0,0,699.3534311311503,moderate,suv,0
58,38,13474.820156781696,1,0,630.8831471432765,moderate,suv,0
40,22,16207.20302804392,1,1,587.1699455833495,old,sedan,0
57,38,7696.777032428045,1,0,850.0,new,sedan,0
28,7,19009.084142702442,0,0,753.8174476694235,moderate,sedan,0
65,44,17351.112911558594,1,0,755.5872141356059,moderate,sedan,0
49,31,9621.243199000188,0,0,850.0,moderate,sedan,0
74,54,16036.115285934859,0,0,730.2191782683109,old,sedan,0
71,50,15018.973438110354,0,1,572.9045990527134,moderate,sedan,0
53,32,13199.380320629087,0,0,561.2103648308264,new,sedan,0
50,28,3388.2907123938185,0,0,746.4902758754234,old,suv,0
41,22,12358.682952994506,0,0,444.06457202248237,new,sports,1
56,36,16209.724583104486,0,1,642.2220368990435,moderate,sports,1
51,32,12805.7401977715,0,1,432.8875622443552,moderate,sedan,0
73,53,14113.219852964163,1,1,659.8843508389506,old,suv,0
45,24,20987.027143961895,0,0,735.4070250711953,moderate,sports,0
54,32,14689.967955414855,0,1,677.9415534603633,moderate,sports,0
24,5,6612.802076688111,0,0,743.8109358970598,moderate,suv,0
21,0,14260.59855739788,1,1,846.4826941659915,old,suv,0
54,34,15397.576358245718,1,0,,old,sedan,0
73,54,11698.581372152375,0,2,850.0,new,sedan,0
18,0,17938.994382964032,0,0,671.2669956170155,old,sedan,0
18,0,9151.08410991581,0,0,744.916506269036,old,sedan,0
64,45,14449.035603769687,0,0,588.8937285434932,moderate,sports,0
37,15,9104.964394626408,0,0,811.9313979630682,moderate,sedan,0
36,14,13817.249130169857,1,1,754.1710198542629,moderate,sports,0
46,25,17832.519441981123,1,0,797.1451302567998,moderate,suv,0
27,7,14353.280291142019,3,3,655.4504421773955,moderate,sedan,1
35,14,,1,1,524.458243561671,new,sedan,0
45,23,15111.080314141262,0,0,696.0397439625406,moderate,sedan,0
52,34,15311.069875890118,1,0,480.2980186676484,new,suv,1
60,42,17775.00768282708,1,0,616.3814196378048,old,suv,0
64,45,17799.26289242006,0,1,669.1080436632251,moderate,sports,0
48,29,20686.783533139394,1,0,850.0,moderate,sedan,0
44,26,15670.467942117513,0,0,681.8548611941941,old,sedan,0
28,6,8357.10201955993,0,0,663.953746908304,moderate,sedan,0
66,47,18431.794398497375,0,2,643.6967575964708,old,sedan,0
66,45,20399.297836818365,0,0,515.7909095234983,new,suv,0
55,34,24846.780068739296,0,1,658.5825840013008,moderate,sedan,0
22,0,20806.823523107294,0,1,660.2882676136772,moderate,suv,1
25,6,13038.806358957674,1,4,553.1391504546283,new,sedan,0
51,30,15748.736109954338,0,4,,moderate,sedan,0
65,46,13917.49301383897,3,0,601.8429317232267,moderate,suv,0
69,50,13373.892299587358,1,0,656.4932978572693,old,suv,0
73,52,14546.05843665348,1,1,604.2445818618542,moderate,sedan,0
29,11,20142.972408532256,0,0,544.9124550348479,moderate,suv,1
55,34,8643.314861954677,0,1,678.9272252004306,moderate,sedan,0
18,0,10989.81747044191,0,2,703.8866824169229,new,suv,1
48,28,19877.972090266518,1,1,662.1297709222235,old,sports,0
21,0,20814.672696295806,0,0,593.7017286123066,moderate,suv,1
66,47,12362.01716672953,0,0,709.4841021232259,moderate,sedan,0
62,43,21602.993377220868,0,2,630.9462710273019,new,suv,0
67,46,18903.528333231006,3,0,531.091629265485,moderate,suv,1
22,2,13928.955455817631,0,0,753.6244355001398,old,sedan,0
47,26,5258.937712034936,0,1,685.350801926649,old,suv,0
73,53,8327.939425329176,0,0,638.0709694304261,moderate,sedan,0
41,21,12367.293249561426,0,0,492.8947795165275,new,suv,0
20,0,18039.74792783931,1,0,575.5139720864788,moderate,sedan,0
28,9,18052.400098191658,0,2,850.0,moderate,sports,0
62,43,13134.203232372522,0,1,499.16579381193026,moderate,suv,0
21,1,14074.902938549696,0,1,624.8650720358307,moderate,sedan,0
43,24,14870.07460023246,1,0,648.3664237646381,old,sedan,0
44,26,14125.047948196723,0,1,682.0476789411555,moderate,sedan,0
63,43,15654.535054675174,0,1,500.2829064173586,moderate,sedan,0
71,52,14879.835373007352,2,2,,old,sedan,0
60,42,8303.091403632123,0,0,481.3894537528321,old,sedan,0
44,22,14169.753735122922,0,1,659.7428796195511,moderate,sedan,0
59,40,14909.60866782039,0,0,584.7602080990417,old,sedan,0
68,50,18959.197383710045,3,3,563.4130733082189,old,sedan,1
67,46,11674.775473438862,1,0,733.4817158667587,moderate,suv,0
23,2,15815.621405379616,1,0,626.4393756636118,old,sedan,0
32,14,17251.359985286417,0,0,697.3710804907571,moderate,sedan,0
70,50,14406.611284768716,0,0,700.6826911377817,moderate,sedan,0
47,27,7980.80845851502,0,0,776.9953488955102,moderate,suv,0
59,40,19040.27608237445,0,2,529.1742258378976,old,sedan,1
54,33,17988.564928106414,1,1,741.9015662519756,new,sedan,0
54,34,15915.093520098728,0,0,651.6461622438047,moderate,sedan,0
59,39,15161.321603556575,0,2,612.1875419630406,moderate,sedan,0
54,33,7874.300401793475,0,0,535.0749480809718,moderate,sedan,0
52,30,18098.626543560298,1,1,710.6590861542861,moderate,sedan,0
40,20,20945.584173313502,0,0,557.7775478666115,moderate,suv,0
23,5,,2,0,701.7806586977143,moderate,suv,1
21,2,20380.074625086323,1,1,842.7830772967133,old,sports,0
35,15,19525.831185381423,1,1,747.9977040359329,moderate,suv,1
26,6,10427.218706599844,1,0,789.1434325150649,old,suv,0
66,44,13423.425602588417,0,1,578.0995222774968,moderate,sports,0
46,28,9418.24942756132,0,1,726.2733046131995,moderate,sedan,0
30,11,14739.446657084447,0,1,535.578504486361,moderate,suv,0
64,44,16793.270249720626,1,0,626.6517097425386,moderate,sedan,0
69,50,9718.127475918913,0,1,824.127205621912,old,suv,0
34,13,16543.211100498793,0,0,589.2157793573516,new,sedan,0
62,42,17556.503053913977,0,1,761.1356184173093,moderate,suv,0
49,29,17613.914624874935,1,0,751.5646732999714,moderate,sports,0
65,44,16818.010288342513,0,2,757.4741250220839,moderate,sedan,0
39,17,10086.03729447637,1,1,523.2998023878728,moderate,suv,0
21,1,14514.10392579982,0,0,702.520096601568,new,sedan,0
22,3,16409.408441256215,0,0,634.3401434083137,moderate,sedan,0
54,36,20844.102489356388,1,0,,moderate,suv,0
58,39,15009.86331795008,2,1,484.49996002731547,moderate,sedan,0
66,44,16702.165177103125,2,2,686.7787889065603,moderate,sedan,0
30,12,11271.892745419194,0,0,672.6375202840067,moderate,sedan,0
51,32,10380.423855336514,0,1,450.9883262751065,moderate,suv,0
62,43,9867.712041078448,0,0,561.4579643905023,old,sedan,0
39,18,13318.926903556578,1,1,466.9847786883149,moderate,sports,1
70,48,23248.20461202744,2,0,577.3644698077094,moderate,suv,0
40,19,13391.6949622406,1,0,704.9217084665148,moderate,sedan,0
68,50,16458.505415768203,0,0,669.5365575648608,moderate,sedan,0
20,0,17228.391834283982,0,0,666.9400080593549,moderate,sports,1
59,37,10633.883563855363,1,2,546.0251891068617,moderate,suv,0
51,31,13259.572597551445,1,0,762.0450491510533,moderate,suv,0
49,29,17497.660555730097,0,0,648.118032163866,moderate,suv,0
62,44,16713.30965667769,0,0,653.3703812257509,new,sedan,0
68,48,7024.021493283035,0,0,744.039956894613,new,suv,0
66,45,17377.641415829006,1,0,550.8654252307462,moderate,suv,0
38,20,12796.038436624862,3,1,672.8547769871923,new,sedan,1
63,41,12900.731214828538,1,0,692.346249160142,moderate,sports,0
61,43,16619.46277185444,0,0,595.4431849706152,new,sedan,0
38,20,21091.743697935173,0,0,715.2373380759776,moderate,sedan,0
61,42,14198.261493222555,1,1,697.7123170629567,moderate,sedan,0
28,9,19716.200862157064,0,1,639.8823287722576,moderate,suv,0
56,38,9236.308928472612,0,2,636.7849109865139,old,sedan,0
21,1,15522.973383648521,0,0,702.3547657871305,moderate,sedan,1
68,49,12835.77837628768,0,1,728.847104001319,moderate,sports,0
18,0,16128.027947024244,1,1,656.289991740664,moderate,sedan,1
45,24,13814.770388859592,1,0,762.0189460406847,new,sedan,0
41,22,9635.754324144782,1,0,715.8525962430583,new,sedan,0
52,34,11450.36254879543,0,1,471.15360502731846,new,sedan,0
30,10,8427.195680573655,0,0,509.5103302457858,new,sedan,0
64,43,9772.395084205129,0,1,768.2235219021661,moderate,sedan,0
51,32,16921.29749950019,1,0,625.3226868529102,moderate,sedan,1
28,8,13995.85148057111,1,0,666.4175822797474,new,suv,0
53,33,,0,1,763.9290517659144,old,sedan,0
68,48,22262.309926380287,0,0,649.3588782628159,old,suv,0
34,16,13816.112827150957,0,0,653.7267609589348,old,sedan,0
52,30,17537.13573272895,0,1,563.1270767208271,new,sedan,0
35,15,15112.542048805019,2,0,686.999450722752,old,sedan,0
57,36,26050.73813092601,0,0,708.6512218966824,old,sedan,0
39,20,3000.0,0,0,592.2118162997144,old,suv,0
74,53,12129.350896111515,0,2,557.7978621694133,moderate,sedan,0
41,23,17616.095896925923,2,0,850.0,old,sports,1
36,18,11988.378418288241,1,0,640.7091530151718,new,suv,1
54,33,17264.286229239922,0,0,581.6307660390709,new,sedan,0
56,34,14759.683228413245,0,0,720.6586445292262,new,sedan,0
38,20,18459.79535204655,1,1,644.9205964772108,old,sedan,0
25,7,10471.508678289363,1,1,541.4233676737897,new,sedan,1
45,24,15691.369242465418,0,1,698.3053571651445,new,suv,0
22,4,16864.072920053535,1,0,564.6879030924181,old,suv,0
34,12,15527.156632845346,1,1,807.6458002155634,new,sedan,0
54,32,15597.649939683553,0,1,699.4504629752403,old,sedan,0
53,31,19809.72362311824,1,0,622.3119575473916,old,sedan,0
71,52,8280.377013980418,1,1,660.9347018022113,new,suv,0
36,14,15499.86876316674,0,2,740.3288121098193,new,sedan,0
44,22,10163.407468482883,1,1,668.5961253560798,moderate,sports,0
70,51,18030.44374770524,0,2,850.0,old,suv,0
51,31,11648.265670521136,1,0,763.5867516395524,old,sports,0
28,10,5110.217367622608,0,2,698.7607367561122,moderate,sedan,1
71,49,18125.869656989802,1,5,556.3014126491516,moderate,suv,1
62,44,13926.514824164125,2,1,635.3111896098009,moderate,suv,0
64,43,16426.51846440641,0,0,697.8874970052452,moderate,suv,0
29,11,20708.035610796247,0,0,567.7138584241861,moderate,sedan,0
71,52,16485.60434372894,0,0,779.342687496295,new,sports,0
38,20,15677.712335635795,2,0,552.5842658221959,moderate,sports,1
71,53,14810.918483082278,0,2,586.2774301954098,moderate,sedan,0
28,10,10410.774065003952,1,1,593.7700815105119,new,suv,0
56,36,14139.008567618434,1,0,724.3824460633133,old,sedan,0
45,25,22895.594313770333,0,1,569.5063632829227,moderate,suv,0
22,1,13499.123079464407,0,1,470.0023429580945,moderate,suv,1
34,15,14375.945362306978,1,0,758.8038835761713,moderate,sedan,0
73,55,20028.339568421383,0,1,605.5613714894438,moderate,sedan,0
37,19,8834.845356392168,1,1,543.1492367848064,moderate,sedan,1
58,40,17480.496203827744,0,0,574.514144679746,old,sedan,0
63,45,8644.4803207798,0,2,821.6762749184351,moderate,sedan,0
29,9,16596.754867525837,0,0,584.2956302727089,moderate,suv,1
23,2,14910.362206407193,0,1,637.6631894623099,moderate,suv,0
34,12,17449.600643192054,0,0,605.3081637713984,moderate,sedan,0
68,49,10950.102519382435,0,1,526.7337456566244,new,suv,0
36,18,12859.86766123372,0,0,575.7281437753037,moderate,sedan,0
43,22,17656.211813222333,0,0,519.8891592993505,moderate,sedan,0
65,43,12960.669933992796,0,2,745.5881275680714,moderate,suv,0
61,40,18022.06104211401,0,0,660.0879064613596,moderate,sedan,0
61,41,15836.679242755006,0,0,,old,sedan,0
69,47,13216.992968279355,0,0,579.1089275009411,new,sedan,0
49,28,13738.5832878773,1,0,564.113975385438,moderate,suv,0
23,3,15014.019326674475,1,0,803.3759768355328,moderate,suv,0
72,51,14119.271543834393,0,0,755.7977032068135,moderate,sedan,0
53,32,17920.9990149318,1,1,688.4765021771022,moderate,sedan,0
55,33,13514.882681903664,0,0,538.6308484911729,new,suv,0
28,8,12707.876295151114,0,1,824.4996267727934,moderate,sedan,0
50,32,18641.006726131443,0,0,642.7896840229652,moderate,sedan,0
41,22,13311.483343708836,0,0,606.9324871504964,moderate,sedan,0
40,18,12838.513518939964,0,1,764.295973691828,moderate,sports,0
32,12,5057.34479371572,0,0,647.770487874627,moderate,suv,0
44,23,10841.986525584281,1,0,533.4329914368118,old,suv,1
28,8,11645.490085347155,0,0,654.0302599498582,moderate,suv,0
74,55,12839.4776299681,0,2,571.8651198429236,new,suv,0
68,49,12111.443133484547,0,2,349.0658857316826,moderate,sedan,0
67,49,18932.200594715807,1,0,561.8289807849868,new,suv,0
34,16,11899.409422195671,0,1,,old,sedan,0
68,49,12197.494519045695,1,0,534.4354890706952,old,suv,0
70,48,15622.616788398927,0,0,707.5246532114038,new,sedan,1
31,9,10593.272480285275,0,0,572.2552242671218,moderate,sedan,0
44,23,21255.968619387102,0,0,697.8426200834456,old,suv,0
35,17,18208.627164651247,0,0,526.6680263631686,moderate,sedan,0
45,24,10327.652191568606,0,1,740.9218921082538,moderate,sedan,1
68,50,19054.66834346735,0,1,522.3517473333509,new,sedan,0
64,45,19886.832558079815,1,0,415.8469590608927,moderate,suv,0
64,42,10431.541052325545,0,0,773.7262585163228,moderate,sedan,0
21,0,10339.333536964703,0,1,564.4106196268829,old,sedan,0
24,5,12558.347416407465,0,1,825.6929058199408,moderate,suv,0
62,41,9339.179521020367,0,0,706.459190120807,new,sedan,0
52,31,11878.845862308908,0,0,729.0263318381253,old,suv,0
65,45,13399.501661125027,0,0,754.5472500466072,old,sedan,0
26,8,17016.609445505925,0,3,661.267934624907,new,suv,0
25,4,15324.902012601,0,0,662.4055417838539,new,suv,0
69,50,14407.913973861221,0,0,778.1340024194309,moderate,sedan,0
62,41,13067.30682030035,0,1,661.1358495698098,moderate,sports,0
34,12,9768.177000146492,0,0,577.1823153203391,moderate,suv,0
34,16,17366.870907127948,0,1,708.5758560162224,new,sports,0
66,46,17277.496627294848,0,1,438.6356585615048,old,sedan,0
50,32,12532.60563603314,1,0,781.9558801560213,old,sedan,0
49,27,10595.379435502307,0,1,784.0439135965091,new,suv,0
25,3,21224.417750108332,1,0,769.8166668123079,old,sedan,0
36,14,15986.921804347727,1,0,765.9771962377695,moderate,sports,0
55,33,16587.87316530017,0,0,641.5824674658877,moderate,suv,1
20,1,16760.591442799036,0,1,639.3317615506977,old,suv,1
22,2,10190.065205674828,0,1,527.0359910229143,moderate,sports,1
30,8,20997.106336067467,1,1,824.8041251711047,old,sports,0
64,42,,0,1,601.4981826973723,moderate,sedan,0
63,42,18288.16801571577,0,0,683.988530975188,moderate,suv,0
48,28,20833.730813707112,0,1,675.4045282954778,moderate,suv,0
72,54,15325.5041280728,0,0,515.9580818395843,moderate,sedan,0
33,13,10274.086365059535,0,0,475.5324975876795,moderate,sports,1
67,47,5026.1179460570565,0,0,650.5586620867348,old,suv,0
49,29,14846.336762792247,1,1,604.6243882388491,moderate,suv,0
39,17,16000.577790930216,0,1,641.0563140756665,new,sedan,0
46,24,12676.899465257524,0,1,756.5415630203232,new,suv,0
39,20,15542.741813827668,1,0,672.4944150537023,old,suv,0
60,42,16721.37935268423,0,1,725.8522540764731,moderate,sedan,0
20,0,18975.71116317854,1,1,694.5328162175578,moderate,sedan,0
71,51,14085.738435495163,0,0,618.3665806760168,old,sedan,0
27,9,14818.633306159747,0,2,549.8196832806937,old,suv,1
59,41,14285.598682265783,3,2,676.4717868113469,moderate,suv,1
38,19,15134.378533307397,0,2,658.3892619346092,new,sedan,0
33,12,12947.262476304544,0,0,741.5156337504748,moderate,suv,0
29,9,12928.138462022063,2,1,634.9099930277507,old,sedan,1
19,0,13179.908642910792,0,0,620.2658454884478,old,suv,1
58,39,15625.064966477987,0,0,627.05006162184,old,suv,0
41,19,11610.743888595453,0,0,558.1273364994554,moderate,suv,0
52,34,13196.02426749436,0,0,794.6909944820458,old,suv,0
73,53,22234.359868485633,0,1,763.9628754615761,new,sedan,0
47,25,18585.597362017532,0,0,528.6970171041953,moderate,sedan,0
74,55,11171.675690933534,0,1,730.394814197255,moderate,suv,0
47,26,18458.69172237427,3,0,465.49949360676345,old,suv,0
64,46,17509.56829633474,0,0,748.5289233111023,new,sedan,0
52,32,14584.321954084644,0,1,580.3649548892324,moderate,sedan,0
36,14,12168.108211974391,1,0,685.9900557678252,old,sedan,0
67,45,11713.94355005905,1,0,457.0490310458328,moderate,sedan,0
25,7,15895.360691132944,1,1,530.129576832205,new,sedan,1
43,22,11615.065351213969,0,0,696.870296724941,moderate,sedan,0
66,47,19388.885318687302,0,0,579.909181661722,moderate,suv,0
57,36,20523.22635382004,1,1,566.0037129627801,moderate,sedan,0
24,3,14828.78200972763,0,0,789.5861697452098,old,sports,0
47,26,19555.123247688516,0,2,850.0,new,sedan,0
24,6,13353.804206789007,1,1,743.7013936819483,old,sedan,0
20,2,12142.592866863522,0,1,540.8119428264936,old,sedan,1
18,0,19401.10072058096,0,0,826.35193328177,moderate,suv,1
53,32,21319.46782242203,1,2,493.8567740351618,old,suv,0
42,24,22852.631947968865,1,0,619.5508545924674,new,suv,0
54,35,16330.620285908431,0,0,655.4777766987373,new,suv,0
18,0,18448.4415807585,1,1,842.4037843838748,old,suv,1
32,11,16242.468913864594,0,0,741.2659137551725,new,suv,0
54,34,20613.51462679436,0,1,603.6242305200481,new,sedan,0
30,9,16733.136533757035,1,0,555.504372922025,moderate,sedan,1
57,37,18220.335154648135,0,1,750.2192653803254,new,sedan,0
25,6,10458.326179188536,1,1,596.6641042779645,old,suv,1
22,4,14075.34889852931,0,0,,old,sedan,0
26,4,18254.544594568943,0,0,513.0223510740884,moderate,suv,0
18,0,17895.89097627747,1,1,706.92578552242,moderate,sedan,0
53,35,18595.61283947644,0,0,698.8695145747479,moderate,sedan,0
52,33,15482.618588763546,0,3,525.8379938341828,new,sedan,0
19,0,12391.911987458881,1,1,753.162311287164,moderate,sedan,1
57,37,14764.213865924185,0,0,705.4745808242782,new,sedan,0
40,21,15188.137456034014,0,0,724.0024252780098,moderate,sedan,0
26,8,15966.963234130302,1,0,612.132130724987,moderate,sedan,0
51,30,11128.538292459652,1,0,667.8956411286442,old,suv,0
63,41,13936.533657250808,1,0,656.3378868865325,moderate,sedan,0
31,10,14645.329562023484,1,1,635.182959524577,moderate,sedan,0
21,1,6031.113365023883,0,0,667.0503278165846,moderate,sedan,0
47,26,18330.019125495073,0,0,775.6442973796383,old,sports,0
48,26,15656.063826562446,0,1,757.4950638703926,old,suv,0
55,37,16061.275481792876,0,0,531.8139322531143,old,sports,0
28,9,12938.014755886878,0,0,748.540181690694,new,suv,0
52,32,17345.001502121013,1,1,769.1143372748036,moderate,sports,0
25,3,11672.29670426625,1,0,634.8822326647634,moderate,sedan,1
20,0,12300.743023075453,0,0,700.8447103797777,moderate,sedan,0
31,10,17513.320182967185,0,1,699.4001667303017,old,suv,0
30,10,16428.6469445762,2,1,565.0033383325699,moderate,sports,1
62,40,9889.598939326825,1,2,611.8043712471672,new,suv,0
49,30,21309.483480352144,0,0,725.0810238851607,moderate,suv,0
51,32,11966.009385707412,0,0,600.4177763168549,moderate,sedan,0
62,42,14469.625781514644,0,0,747.5499559262307,old,sedan,0
36,18,21987.149546407807,0,2,780.4972440849762,moderate,sedan,0
55,35,6760.873723159644,1,1,764.3671841980471,moderate,sedan,0
33,12,8174.956720121441,1,1,847.9804603169457,moderate,sedan,1
19,0,16767.73474835407,0,0,640.9267717708888,new,sedan,1
57,38,5085.853136584723,1,0,667.7201073969063,old,suv,0
34,15,6826.025990059515,1,1,,old,sedan,1
72,54,19700.631305176565,1,0,643.9602075009261,moderate,sedan,0
51,33,13364.50652638364,0,0,704.2178974101645,old,sedan,0
59,37,23784.35823718726,0,0,478.8795970988011,moderate,sedan,0
33,13,10860.920887785735,0,0,670.490538869252,moderate,sedan,0
55,35,13726.072804518077,0,0,512.2563350117105,old,sedan,0
19,0,17162.522904714344,0,1,553.7376722392422,moderate,sports,1
19,0,16886.113936700956,1,1,723.2889811029913,moderate,sedan,0
43,25,13980.40153804462,1,0,630.088376155098,new,sedan,0
30,9,12406.159956230327,0,1,719.7614474715806,moderate,sedan,1
73,52,15925.449297365163,0,1,627.922339639887,old,sedan,0
64,46,20507.543544703396,0,1,760.6406316391156,moderate,sedan,0
48,28,18051.23475829318,2,0,626.0919294378697,moderate,sedan,0
51,32,12470.126334759461,1,1,,moderate,sedan,1
56,36,11032.909415682641,1,0,672.539258201127,moderate,suv,0
20,0,12228.844049160169,0,1,433.1140154297449,new,suv,0
25,6,9905.028458536737,0,0,504.7279097467592,old,sedan,0
40,18,15589.637929308978,0,0,561.705347100143,old,suv,0
31,10,18255.144714937134,0,0,549.2290522229813,moderate,sedan,0
73,53,14714.640005998388,1,1,595.4949195583715,new,sedan,0
72,52,21879.067171718063,0,1,545.7932176468894,moderate,sedan,0
44,24,22101.658300618757,0,0,509.4047336414327,new,suv,0
71,53,16230.941075313685,1,0,804.1835744840774,moderate,sedan,0
46,25,17807.750961906735,1,0,582.1855453608105,new,suv,0
56,37,11398.16808812221,0,1,426.92323468526024,moderate,suv,0
70,50,13556.774024643288,1,1,613.9081626990743,moderate,suv,0
56,36,20089.081511066197,0,0,537.5268941972446,old,sedan,0
18,0,12682.909530846233,0,0,561.5032372707186,old,sedan,0
34,15,20949.51922806581,1,2,721.0342481352485,old,sedan,1
58,37,19450.25640829933,0,1,605.1842381214782,moderate,sports,0
47,25,,0,2,534.7403398782114,new,suv,0
70,52,10309.220441361442,0,3,694.6253509957245,moderate,suv,1
30,9,13752.054063718713,1,0,764.9940830609086,new,suv,0
38,16,17576.835355376512,0,1,703.6872162639845,new,suv,0
36,16,11057.007701991879,0,0,404.64444283495743,moderate,sedan,0
70,50,14239.691011133607,0,0,538.5010497602987,moderate,suv,0
36,17,18008.52379651055,0,2,654.7448530636206,new,suv,0
74,52,12727.311088310817,0,0,625.5700594735985,moderate,sedan,0
42,22,11614.182034925409,0,0,617.2724846060803,moderate,sedan,0
39,19,7796.902164847283,0,0,551.7243307159166,moderate,suv,0
48,29,13453.463209142767,1,2,509.441591692256,old,sedan,1
34,13,18092.72605124055,0,1,850.0,new,suv,0
72,52,11508.38529869401,1,0,652.7110953138912,moderate,sedan,0
40,22,15071.488425870826,0,1,714.2121788867418,new,sedan,0
49,31,14103.162912823731,1,1,650.6251173583809,new,suv,0
27,6,12333.505776127811,0,1,654.6348698637989,old,suv,1
27,5,18350.82239750355,0,0,643.7896600190712,moderate,sedan,0
53,34,21569.089124663584,0,0,537.9554140925568,moderate,sports,0
25,7,19017.351774566814,1,0,498.55105419657525,moderate,sports,1
71,53,12216.25439019714,0,0,688.6225373744987,moderate,suv,0
69,48,22969.46265538378,1,0,668.7842407271166,old,suv,0
37,15,19005.611640920262,2,1,743.8280898459707,old,suv,1
49,27,13170.571724142837,1,0,723.5360826642027,new,sedan,0
67,46,11898.694471552346,0,0,569.1487807250329,old,sports,0
31,13,19484.157055379692,0,1,763.2591308921872,moderate,sedan,0
67,48,15695.076807829093,0,0,726.5027195154518,moderate,sedan,0
45,27,11596.940605249089,0,1,719.0841569857336,moderate,sports,0
63,41,14407.564082112467,0,0,850.0,old,sedan,0
69,51,13371.212728474555,0,0,850.0,new,suv,0
70,51,11703.763525247849,0,0,718.9913766554886,old,sedan,0
41,21,19058.34501304587,2,1,706.5197205837529,new,sports,1
32,14,18126.896753257253,0,0,758.165518176968,moderate,suv,0
39,18,18354.165910237043,0,1,591.6046230329629,old,sports,0
47,27,18298.681573278052,0,0,593.017074240895,moderate,sports,0
21,0,11335.865021169611,0,2,717.3421407091913,new,sedan,0
30,9,12585.250912812011,1,0,564.3523910872427,moderate,sedan,0
40,19,20834.63009175065,0,1,709.2769485523255,old,suv,0
25,7,15432.048489755993,2,0,665.683216653619,moderate,suv,1
35,13,9118.117225182788,0,0,564.3809895407882,new,sedan,0
29,9,15867.777310382986,1,0,652.5866510288299,moderate,sports,0
72,53,,0,0,780.5081592138416,old,sedan,0
48,26,17096.165749480835,0,0,658.2370450653838,moderate,suv,0
31,13,11248.521587353443,0,1,658.6547647617978,moderate,suv,0
51,30,22546.886237030212,1,0,682.8985278904596,old,suv,0
35,16,8997.62165156499,0,0,695.9188522891609,new,sedan,0
73,53,15443.58572065365,0,1,616.9159533918807,moderate,sedan,0
51,29,21946.21141106433,0,0,685.0261047967048,moderate,sedan,0
28,6,17366.628335741778,0,0,545.0929640409267,new,sedan,0
58,39,18344.87827620542,1,0,570.0928943166111,new,sedan,0
29,11,10787.343403319459,0,1,582.8850891924377,old,suv,0
66,46,16388.185830387483,1,0,696.9762689634108,new,sedan,0
32,13,14853.589349220212,0,1,666.0232827556277,moderate,sedan,0
74,53,10479.823323342542,1,0,636.5640422756047,moderate,sports,0
48,28,18460.285957899847,0,0,719.0769989585286,new,suv,1
66,44,11722.053045397322,0,1,687.8862082742336,moderate,sedan,0
46,27,12196.301471325893,1,0,621.0023220017129,old,suv,0
43,21,16730.317288339393,0,0,546.4769157180187,new,sports,1
35,13,14427.01821741994,0,0,568.0291198773248,new,sports,1
49,27,15677.15209462405,0,2,503.31905346071085,moderate,suv,0
39,21,14182.001364920656,0,2,664.0569550150826,moderate,suv,1
55,33,20652.24337401617,0,0,563.7861217546329,moderate,sedan,0
34,13,11299.877411045536,0,0,600.467701801613,new,suv,0
40,19,13140.76487917595,0,0,,old,suv,1
41,21,16924.686230316907,0,0,754.3995191330686,moderate,sedan,0
67,45,11048.328665435925,0,0,742.879059831682,moderate,sedan,0
25,3,10871.106470416496,0,0,644.5291528746026,new,sedan,0
58,39,15550.97557601255,0,0,776.55034894003,new,suv,0
23,5,18469.41351567551,2,1,448.7651490679139,old,sedan,1
22,2,18991.51126317702,0,0,837.7220549766513,new,suv,0
61,39,15366.959503949129,0,1,,new,suv,0
74,55,12311.469366010693,0,0,660.2803285019929,moderate,sedan,0
46,28,16102.652790537033,0,0,560.8640319247937,moderate,sports,0
45,25,17264.55323484948,0,2,606.1932633869536,moderate,sedan,1
28,8,16047.442637161095,1,0,710.9350895578041,moderate,sedan,0
74,52,19936.6794351655,0,0,713.2079383531413,moderate,sedan,0
18,0,10943.35493898013,1,0,716.8393370590787,moderate,sedan,0
60,41,12212.09592942575,0,2,577.1503265633539,old,sedan,0
36,16,19381.396777594895,0,1,557.0152286984791,moderate,suv,0
26,5,9107.920677938946,0,2,669.5205244352506,moderate,suv,0
44,25,,0,1,726.9853957771473,moderate,suv,0
51,33,12073.838821094554,0,0,650.3184849504859,old,suv,0
61,43,8743.180394612125,0,1,798.1484246885167,new,sedan,0
21,0,14251.404781436346,0,0,653.3137462190111,moderate,sedan,1
53,31,17985.175439553816,1,1,649.9291356167014,moderate,suv,0
35,14,15625.31166208441,0,0,717.0559991192669,moderate,suv,0
32,14,18198.41514120831,0,0,771.9230137592039,moderate,sedan,0
68,50,19767.82387057189,0,1,515.0744740195455,moderate,sports,0
30,12,13457.472956217922,0,1,538.1988291964402,new,suv,0
36,18,25587.38409195492,0,0,618.6738562255962,moderate,suv,0
66,46,13618.338303744667,1,0,850.0,old,suv,0
23,4,14149.875896625235,1,0,623.8531437459068,moderate,sedan,1
65,46,12169.517852524892,1,1,637.8217056989431,new,suv,1
73,52,17181.557923698696,1,0,711.8351929807918,moderate,sedan,0
29,9,13837.9863240921,0,1,747.6928902813474,old,suv,0
68,50,14684.431112340015,0,0,666.9785116454756,new,sedan,0
54,36,14179.147975096148,1,0,766.4347495040256,new,sedan,0
34,12,14088.381811092504,0,0,530.6028816974081,moderate,sedan,0
40,18,15633.144117594302,0,0,573.3911575257275,moderate,sedan,0
43,22,13199.105787853474,0,0,766.2486950579639,moderate,sedan,0
46,28,13386.81767233163,0,0,651.0943114783474,old,suv,0
50,29,19291.40596248397,2,1,523.7549394991336,new,sedan,1
44,24,13825.910144474354,0,1,517.7462068382792,moderate,sedan,0
42,23,16534.209614828498,0,0,568.9059194655296,moderate,suv,0
73,55,11442.033038046211,0,0,650.2125542157917,old,suv,0
72,52,13221.23989138851,0,0,696.7379569726788,old,sedan,0
27,9,10069.757750037279,0,0,617.094000005586,moderate,suv,0
64,42,22417.733733447312,1,1,688.4999189239519,moderate,sedan,0
40,19,20501.83871067221,2,2,606.2933513306385,moderate,suv,0
38,16,17381.835973114747,2,0,772.3920201616918,moderate,suv,0
38,19,23604.410881159318,0,0,850.0,new,sedan,0
60,38,18081.144205532502,0,2,610.7387267915576,old,sedan,1
30,12,14312.097025404713,0,0,697.9932810798946,moderate,suv,0
54,32,16490.078668366685,0,0,689.8410824150112,new,sedan,0
50,32,20443.145421916564,0,2,663.8695426259925,old,suv,0
41,22,11478.735299968128,0,0,715.3250945341291,moderate,sedan,0
61,39,10308.728850933754,0,0,697.8821188979828,new,sedan,0
28,7,16624.31666651975,0,0,602.8946429615105,new,sedan,0
34,13,,0,1,781.6545772622687,moderate,suv,0
21,0,5960.394530166095,0,1,670.1666247486776,old,sedan,0
64,42,10028.266612357726,0,0,611.5199580169636,old,sedan,0
42,20,13754.30260258582,0,0,850.0,moderate,suv,0
47,25,15192.75501899161,1,1,638.37866228444,old,sedan,0
26,8,15311.876397533195,0,0,675.4943841423749,moderate,sedan,0
38,19,23020.78536094178,0,0,667.5440344580337,moderate,sedan,0
37,16,14169.498973195625,0,0,637.0105389048792,moderate,sports,0
36,18,16112.50195814442,0,0,694.8664705044016,moderate,suv,0
36,15,8496.431890502015,0,1,,moderate,suv,0
29,11,14875.457846738896,1,0,709.6543386523058,new,sedan,0
54,32,16336.795772687065,0,1,474.164597160757,new,suv,0
59,38,9498.96207607524,1,0,520.1930248742871,moderate,suv,0
34,12,11264.032161452174,1,0,832.5724547168516,old,sedan,0
54,33,16956.67453534748,0,1,524.3819973278214,old,sedan,0
71,51,12814.694942752354,0,0,454.00411479631396,old,suv,0
65,47,14589.832913960103,0,1,526.8583830933812,new,sedan,0
56,36,17163.110075835917,1,2,824.0057269196734,moderate,suv,0
45,27,23147.488687183264,0,1,470.8138259727285,moderate,sedan,0
58,39,14112.859195686431,0,1,554.418581740845,moderate,suv,0
52,31,22076.79231550977,0,0,504.1807515683013,new,sedan,0
64,45,7164.905354817626,0,1,622.5870802909991,moderate,sedan,1
65,46,15593.451434727942,2,0,606.3979101819264,new,suv,0
35,17,13663.643171619076,0,0,601.9243493272967,old,sports,1
31,11,12870.16406372641,0,2,835.6133799405136,moderate,sports,1
52,30,17632.270302227415,2,1,530.0924682362452,moderate,sedan,0
61,43,14141.51733845912,1,1,639.7812220282889,moderate,sedan,0
58,36,6900.186660427132,0,1,683.8601246320734,new,suv,0
24,5,8646.523006997671,1,0,551.9790737927856,moderate,sedan,0
58,36,17888.107833425776,0,0,698.6589981246602,moderate,suv,0
30,10,8451.088372303748,1,0,610.0189505446692,old,suv,0
35,17,17995.28472472311,0,0,687.4309066189855,new,suv,0
54,34,15499.093951644625,1,0,639.2000748474347,moderate,suv,0
30,10,14318.861872696796,1,0,444.94687744336954,new,sedan,0
53,35,14674.10330720691,0,0,780.6098712765742,moderate,suv,0
48,28,17059.03208072033,1,0,850.0,new,sedan,0
19,0,10290.056105574236,0,2,632.3245818065186,moderate,suv,0
33,12,15169.164375990902,0,0,560.2047948133396,moderate,sedan,1
26,5,10441.988823674938,0,1,800.6012721175688,moderate,sedan,0
26,4,15654.579104011471,0,0,839.0382902867472,new,sports,0
55,35,17585.907144793407,2,1,633.1204588410003,new,suv,0
28,10,15663.783451249259,1,1,628.1319384779486,moderate,sports,1
71,53,17434.408655722356,1,0,642.00889023285,new,suv,0
73,51,12199.94065962685,0,1,482.54511107546955,new,sports,0
39,21,14751.279782717693,0,2,620.8874121306773,moderate,sedan,0
50,29,14048.096747500416,0,0,821.4941887549245,moderate,sedan,0
53,33,13786.242451452033,0,0,633.131133922944,moderate,suv,0
62,44,11797.435342192446,0,0,545.9965472127794,new,suv,0
40,22,13272.709802300229,0,0,699.668561930448,moderate,suv,0
62,43,10549.181619973995,0,0,583.2801201505888,moderate,suv,1
62,43,8223.38135270168,0,3,643.3547876332073,moderate,sports,0
51,32,12197.13335783696,0,0,523.1151219452721,new,sedan,0
26,6,17503.838595124656,1,1,546.3375838813269,moderate,suv,1
41,20,15936.26396422272,2,2,723.7659254863593,moderate,sedan,0
25,4,9973.587183010983,2,1,661.5866779401088,new,sedan,1
24,3,13375.954586478454,2,1,572.3942613157184,moderate,sedan,1
53,33,17769.857365457312,0,0,661.9535130304903,moderate,suv,0
35,15,13206.0345208516,0,1,589.285329127274,old,suv,0
20,1,9328.935227484377,0,1,571.623983062983,new,sports,0
45,27,24030.51418565737,0,1,766.4034397248306,moderate,sedan,0
23,1,14332.164677388198,1,3,728.2877553188772,moderate,sedan,0
61,39,10345.684400003935,0,1,647.8727150368906,moderate,sedan,0
61,43,15685.054103280772,0,0,664.4337337249704,moderate,sedan,0
38,19,14657.586670749059,0,2,649.1601982665657,moderate,sedan,0
45,27,8834.087580342528,0,0,698.7009259173539,moderate,sedan,0
57,39,15373.47544321266,0,0,570.0498341544305,moderate,sedan,0
71,49,18934.942045582586,0,0,736.2504733368643,new,sedan,0
71,52,14068.359170039023,0,0,685.3565837890812,moderate,sedan,0
18,0,6759.205811133201,0,0,623.6943662110448,moderate,sports,1
53,31,16367.686442357215,2,1,601.2221968491458,new,suv,0
38,18,17411.600180992617,0,0,734.1130941766809,new,suv,0
60,41,12654.351692688353,0,0,634.9513683849893,new,suv,0
52,34,12683.753594643102,0,2,580.1106904170163,moderate,sedan,0
30,9,24031.42520103059,2,1,611.5430233025677,moderate,suv,1
74,53,12367.142804631589,1,0,726.9204648889161,old,suv,0
66,47,10512.476134662993,0,1,488.944679875396,old,sedan,0
71,50,15100.456336104044,1,2,614.4591094419527,old,suv,0
71,51,17299.369303081596,0,0,757.0582669675764,moderate,sedan,0
27,6,17129.734914841265,1,0,633.1783227896742,old,sedan,0
70,51,5127.728982777218,0,0,677.2816732277842,moderate,suv,0
61,42,12357.073976444111,1,0,758.6768964537195,moderate,suv,0
64,44,19611.55218051496,0,0,739.232965339717,moderate,suv,0
70,49,16306.757861366823,0,0,605.9941226960078,new,sedan,0
27,6,10056.834353974296,0,1,636.9606447796164,new,sedan,0
63,45,19969.63723158482,0,0,740.4763901729013,moderate,sedan,0
30,8,18859.59087642471,0,0,743.9469487283899,new,sports,1
54,35,13813.593567908512,0,0,641.1949874685059,moderate,suv,0
55,37,18517.868747244545,0,0,644.6454347707573,old,suv,0
41,22,22999.02332783208,1,0,676.7683694533852,new,sedan,0
19,1,10782.479219018336,1,0,786.6900690017293,moderate,sedan,0
39,17,17221.784728811715,0,2,756.7566120657956,moderate,sedan,0
34,16,22943.77910435203,1,1,719.3386703799018,moderate,sedan,1
53,34,17612.11821318212,0,1,542.1330723936109,old,sedan,0
31,10,11982.468562542788,1,0,622.5166593451743,old,suv,0
27,8,15955.65296176555,0,0,627.7713326310097,new,sedan,0
52,32,20479.53303980945,2,0,791.8485032603473,new,suv,0
42,22,10936.934132303357,0,1,626.1135608820363,old,sedan,1
20,0,14879.613170837869,0,1,775.3442823077613,old,sedan,0
64,44,14026.06871287307,1,1,592.9301329468916,moderate,suv,0
55,33,12474.35345298348,0,2,600.9116042339241,new,suv,0
34,13,15966.219473905583,1,1,698.1454105813141,moderate,suv,0
29,8,14597.130983776091,2,0,806.8146705571758,moderate,suv,1
71,52,17573.400718279005,1,0,628.8222870732122,old,suv,0
69,51,19563.877977025728,1,2,393.7232138138802,old,sedan,0
41,22,9908.678318184215,0,1,493.58165976611133,moderate,sedan,0
46,27,15270.12425592196,1,0,679.7961556164456,moderate,suv,0
60,41,,0,0,502.5203973218232,moderate,sports,0
42,23,15813.65869355833,0,1,563.4437173603587,moderate,suv,1
53,32,14938.116620931818,0,0,651.2341950638257,new,sedan,0
43,25,11077.348351079861,0,0,405.06327542535394,moderate,sedan,0
55,36,20818.998141482356,2,0,612.0274210674545,moderate,sedan,0
18,0,22523.044584810596,0,1,533.519144213973,old,sedan,1
37,18,17187.55881380674,0,2,500.08202820992494,old,suv,0
72,52,17392.40711904462,0,1,569.781556078194,moderate,sedan,0
45,26,15524.196655844693,0,0,543.0791074930569,moderate,sedan,0
33,14,18876.812887116008,0,1,696.9480217992303,moderate,sedan,0
64,42,5227.418779077074,0,0,769.6526786682883,moderate,sedan,0
34,14,14984.550884832553,1,0,613.5573148388937,moderate,sedan,0
57,39,12709.491989217953,0,2,590.3874220953164,moderate,sedan,0
45,26,15583.272392085157,0,0,608.5794998842101,old,suv,0
29,11,19370.510260692434,3,0,539.1812892061538,moderate,suv,1
44,24,15076.136704864308,0,0,521.1258104380322,new,sedan,0
71,52,13558.030645317316,0,0,485.44455471066624,new,sedan,0
70,48,9386.91588103821,0,0,517.0479041681826,moderate,suv,0
59,38,14562.89395112644,1,0,813.1991007112629,moderate,sedan,0
64,42,17689.11078764272,0,1,580.9578964636542,moderate,suv,0
47,25,11635.647491952126,0,1,355.83715282362374,new,sedan,0
58,37,6986.6405719622335,1,0,591.2943061518993,old,sedan,0
51,30,24096.960604845448,0,0,490.95854632391786,new,sedan,0
54,33,16340.701936402786,1,1,655.9484939997163,moderate,sedan,0
23,4,14113.705645636166,1,0,645.1646344762995,new,sedan,0
24,6,20563.97922081749,1,0,655.5885637692055,moderate,suv,0
49,31,15565.917365935215,1,0,645.9273921254816,moderate,sedan,0
49,28,20328.127246524935,0,0,612.7289695380251,moderate,sports,0
70,48,19985.444863508892,0,1,504.41038784600136,moderate,suv,0
42,22,9901.916504459477,0,2,642.5345928028576,moderate,suv,0
50,29,,1,2,751.8924589135694,moderate,suv,0
72,50,21901.14262787738,1,0,831.3673083795204,moderate,sedan,0
24,2,11005.397238608772,0,2,626.2008672693994,old,suv,0
69,50,11054.50163179063,1,0,637.0390054716314,old,sports,0
74,55,11731.195721991942,1,2,700.0427179088894,moderate,sedan,0
29,11,18561.67434196083,1,1,799.3241559472104,new,sedan,0
33,15,16137.542851454376,1,0,601.3703389495453,old,sedan,1
33,13,7256.910676641498,0,0,719.2651316950338,old,suv,0
60,40,16363.784494067733,2,1,567.7180734475611,moderate,sedan,0
70,50,13992.340268515369,0,0,682.9848990265502,moderate,sedan,0
53,33,14550.896525399325,0,1,747.060417661837,moderate,suv,0
30,8,11651.91961423554,0,1,520.9139393452203,old,sedan,1
24,2,16393.03288605653,1,0,597.4855277981782,old,suv,0
53,35,19201.833121227835,0,1,745.4783096695002,moderate,sedan,0
64,45,12432.13453067008,0,1,711.6161230514795,moderate,sedan,0
68,49,8270.175876252328,0,0,753.5946140314855,new,sedan,0
26,5,13787.54271393314,2,0,734.8439646454067,moderate,suv,0
49,27,18025.146914408917,1,1,615.8896472083294,moderate,suv,0
28,8,13315.87861655002,0,1,850.0,new,sedan,0
25,5,9009.804155359356,0,0,663.6909990753395,moderate,sedan,1
50,29,18052.971395677523,0,0,344.4291050855799,old,suv,0
40,21,20661.39258799325,0,0,621.76536276227,moderate,suv,0
42,22,15080.062200443695,0,1,603.0828743000671,new,sedan,0
73,54,8576.836560073607,1,0,729.5249167367278,old,suv,0
25,4,13728.677831921825,1,0,604.881468480187,new,suv,0
62,43,15606.155523301084,0,1,759.8969995819137,moderate,sedan,0
39,20,11761.146770993097,0,2,705.8099372406708,moderate,sedan,0
21,2,17333.488925085658,0,0,549.9909538529939,old,sedan,0
57,37,11370.155540400803,0,2,635.9626664388575,old,suv,0
20,2,15102.510689608102,1,0,572.4466555724599,moderate,sedan,0
46,24,14086.711662646549,0,1,668.475864685367,moderate,suv,1
58,39,17463.419192600344,0,0,571.8509132764879,old,suv,0
46,27,14942.923289621769,0,2,657.4435230509062,moderate,suv,0
51,32,14214.03319968296,0,0,622.7694249009588,moderate,sedan,0
51,33,11788.539039064286,0,0,634.7776745320176,moderate,sports,0
45,24,15139.076058373073,1,3,850.0,moderate,sedan,0
30,10,13959.169994564234,1,0,613.9514773292796,moderate,sedan,0
32,14,11517.87897508797,0,1,,moderate,sports,1
40,21,15637.964097673734,1,1,751.5826144734348,moderate,suv,0
61,43,16455.885360224394,0,0,750.7955901802009,old,sedan,0
43,25,13646.371111772738,1,1,452.1059826203174,moderate,sedan,0
21,3,18726.276924255028,0,1,579.9100378791933,moderate,sedan,1
43,22,16055.897237744633,1,1,693.5810556846523,moderate,sports,0
57,35,9864.584452565445,0,0,702.4203261217067,moderate,suv,0
26,6,20349.575979654728,0,0,649.5276236547279,old,sedan,0
72,51,18067.951725520146,1,0,651.7825378933285,old,suv,0
22,1,19007.324845046125,0,0,556.1412126916815,old,suv,1
73,51,16602.011827451082,0,1,410.0151286544313,old,sedan,0
49,28,5649.091437891917,1,0,,old,suv,0
37,19,,1,0,553.1332722293286,new,sedan,0
67,49,15243.150733279934,0,1,667.6505690064482,moderate,suv,0
28,9,16412.87672732318,2,0,634.1152004340664,moderate,sedan,0
32,11,17161.53619109466,0,1,739.7197552273547,moderate,suv,0
49,30,22745.108450578253,1,0,661.4897213482159,moderate,sedan,0
45,25,12815.105262135576,0,1,665.3440953092,moderate,sedan,0
39,21,12918.388039042196,0,0,386.5681751991071,moderate,sedan,0
58,38,11595.86191316173,1,0,566.6660927457747,moderate,suv,0
34,12,10720.22979441953,1,0,724.4633046598997,moderate,sedan,0
43,25,10793.87506566122,0,1,715.4668225071929,moderate,suv,0
61,41,7592.941014918327,0,0,554.8347176382788,old,sedan,0
24,2,16706.623242369904,0,0,492.1971417278878,moderate,suv,1
59,39,22951.22625904834,0,1,662.6579306722931,old,sedan,0
74,52,23206.297287280882,0,0,359.3225951204185,old,sedan,0
43,21,11590.527503831996,0,2,535.1325747662238,moderate,sedan,0
42,24,13911.382489443047,0,1,826.0161075155311,new,sedan,0
27,8,19933.368721803185,1,0,794.5067328873769,moderate,suv,0
62,40,16729.387856831134,0,0,698.7249358765146,moderate,suv,0
36,14,15538.062686378462,0,0,680.7336314481256,moderate,sedan,0
28,10,13973.061684629727,0,1,454.98292154756007,new,suv,0
30,11,19713.205779772845,1,1,575.9332763350883,moderate,sedan,0
70,49,10707.796165174135,1,1,620.4831402034224,moderate,sedan,0
25,4,16923.500261783865,0,1,,old,suv,0
57,38,16379.735370090448,1,2,614.9756665092136,moderate,sedan,0
21,1,15173.487826733399,0,0,779.9224424346294,moderate,suv,0
64,46,18150.918629734344,0,0,595.8176938728677,new,sports,0
48,29,15134.949179731206,0,1,615.9060819443234,moderate,sedan,0
45,24,12861.88964025021,0,0,723.9531286683751,moderate,suv,1
28,6,15370.045235928568,0,0,508.05242813971967,moderate,sports,0
60,39,8631.585321448692,1,0,565.9795421161153,moderate,sedan,0
18,0,17450.858924786266,1,0,576.2277412243158,moderate,sedan,1
66,48,18472.917013998296,0,1,655.5592146551747,moderate,sedan,0
64,42,12373.541874215374,0,0,615.5037932506334,old,suv,0
69,50,11421.955113526907,0,0,618.6659090652867,moderate,suv,0
55,33,12520.993373315676,0,0,583.5146012897505,new,suv,0
41,21,14747.90809048044,1,1,542.9169739785245,moderate,suv,0
71,52,15863.54383214239,1,1,710.9142924210578,new,suv,0
74,56,21461.967775560322,0,0,616.2195881037745,moderate,sedan,0
64,45,20956.36406444462,0,0,711.9018980147373,moderate,sports,0
48,28,18326.170660290132,0,0,538.8372669518852,new,sedan,1
58,40,15485.042649396739,0,1,583.4757842250358,old,sedan,0
63,42,11292.303655601569,2,2,627.8816972153234,moderate,sports,0
67,47,21718.548933685048,0,0,637.213296318379,moderate,suv,0
43,25,14009.431477270766,2,0,725.436872593221,moderate,suv,0
66,44,16125.496535741007,1,2,606.9490710407641,moderate,sedan,0
67,48,17509.409554177462,0,0,724.6742242810875,new,suv,0
22,4,15246.38342149071,0,2,687.4944008559695,new,suv,0
37,18,19604.38938179529,0,1,639.3147389917051,new,suv,0
69,47,16821.567776410076,0,0,554.8701203503481,moderate,sports,0
58,40,18954.554088557048,0,1,725.687526546332,new,sedan,0
28,7,16789.38223722535,1,0,557.366253268635,new,suv,0
73,53,14848.40135112574,1,0,647.8719619842722,old,suv,0
71,53,15296.742446088663,0,0,644.605955706392,moderate,sedan,0
50,28,14751.038086703993,0,0,629.2904857382717,moderate,sedan,0
67,49,9862.8567262822,1,1,611.0680277014685,new,sedan,0
55,36,10996.72215606553,0,0,567.7923305038329,new,suv,0
44,26,17962.190143294727,0,1,488.30635626299215,moderate,sedan,0
51,30,9962.514900136148,0,0,790.3804732840351,new,sedan,0
32,14,13383.106838499254,0,0,600.827653574275,new,sedan,0
49,29,10799.585722133328,1,0,637.1887904882531,moderate,sedan,0
38,20,13169.124207844727,0,0,636.5772616066059,new,sedan,0
63,44,14378.922783584962,0,0,759.5604337228748,moderate,sedan,0
22,4,13375.064966534095,0,0,843.319422151764,moderate,suv,0
23,2,9286.542290999709,0,1,665.9847419588687,moderate,sedan,0
55,33,14257.877990614143,1,1,634.2997331543082,new,suv,0
39,21,11164.415354208413,1,0,537.6542992840588,old,suv,0
35,17,12453.771161095596,0,1,505.6411550587235,moderate,suv,0
31,11,17962.080613199978,1,0,472.6025070355899,moderate,sedan,0
27,6,18821.571985829432,0,0,570.4155040476531,moderate,suv,0
63,41,9756.11665710844,1,1,440.91452026868853,old,sedan,0
30,11,21274.663588312585,0,0,757.8829953740112,moderate,sedan,1
48,30,12959.653693124086,1,0,692.3096243993425,old,sedan,0
47,25,12595.959517472433,0,1,624.835948531522,moderate,sedan,0
20,1,11433.380850636877,0,0,760.938398076079,moderate,sedan,0
47,26,15223.648299946146,0,0,542.8843922596725,old,sedan,0
23,2,22926.201000195742,0,1,568.0018944635445,old,sedan,1
46,24,8841.362324188447,0,0,456.6206719698255,new,suv,0
25,6,6772.454946313701,0,1,727.4353695020212,moderate,sports,0
61,40,16074.042102988355,0,2,568.9658713690726,moderate,sedan,0
62,40,17277.356691701192,0,0,651.5695613275824,new,sedan,0
60,39,15210.688839260874,0,0,750.2576400574677,old,suv,0
61,40,17383.197901665328,0,0,787.0850755499421,moderate,suv,0
50,29,10474.956026439842,1,2,647.0853648509429,moderate,sedan,1
34,14,11220.520910816982,1,2,688.4237436271357,new,suv,0
65,46,15495.831730023585,0,0,559.6149753956339,moderate,suv,0
28,6,22032.2774429153,0,0,818.3373343007534,new,suv,0
30,8,17242.722640360204,1,0,633.3849439700634,moderate,sedan,0
67,48,17428.815958976982,2,2,658.028495186812,moderate,sedan,0
28,9,10705.294017730997,0,0,609.3146927736774,old,suv,1
48,29,16689.620331327686,0,0,769.9248998413757,moderate,sedan,0
45,26,10271.40300479281,0,1,669.9593923083189,new,sedan,0
61,43,22071.02943184084,0,0,726.0934577413624,new,sedan,0
23,1,10952.290762546507,1,1,685.3958139978882,moderate,sedan,1
58,40,11814.077526006551,0,0,627.9590616783995,moderate,sedan,0
33,12,9107.697427741545,0,1,742.9468561299592,old,sports,1
21,0,15343.26527822558,1,0,684.5316194575381,old,suv,0
52,30,15175.166591452433,2,0,553.9020939152766,old,suv,0
65,44,21052.964324706852,0,0,551.078861619062,new,sedan,0
73,54,18105.659674553724,0,1,664.8826729031634,old,sedan,0
43,25,11836.9331469798,0,1,740.7457902387628,new,suv,1
74,55,18493.582145669134,1,0,813.9420548506404,moderate,suv,0
29,8,10025.937310703632,0,0,472.27865424191975,moderate,suv,0
28,10,12126.58784467743,0,1,652.5659849098721,moderate,sedan,0
54,35,15473.838194956881,0,1,698.9647662174997,new,suv,0
42,20,10472.454485869606,0,0,679.5669134994763,moderate,sports,0
35,16,19258.635401632568,0,0,750.9327105033709,new,sedan,0
36,15,24117.25133939209,1,1,715.5533976491503,new,sedan,0
40,22,13821.911636749452,0,0,551.449981641966,moderate,suv,0
72,50,12393.252325235188,2,0,548.5208311309269,old,suv,0
55,37,14481.641557303818,0,0,681.2454856151725,old,sedan,0
71,49,12770.51068595198,0,0,749.0505424422525,moderate,suv,0
35,17,16046.921752775534,0,0,664.3417552952695,new,sedan,0
43,22,9710.382077188697,1,0,492.2066930431722,new,suv,0
23,1,16274.025594405499,1,0,545.2828584683728,new,sedan,0
21,1,22647.6929542793,0,0,719.1515855865331,old,sedan,1
61,43,6991.429787037797,0,0,615.1354909082868,moderate,suv,0
68,50,10325.410280238753,0,1,661.7957303203287,old,suv,0
46,27,13219.770624450988,0,0,756.5418039151757,moderate,sports,0
51,29,17167.571281903623,0,0,529.7790952380044,moderate,sedan,0
34,14,18561.52838306019,0,0,608.5757344098046,old,suv,0
60,39,18239.737970003345,1,1,,new,sedan,0
60,41,8233.192709620023,1,1,685.5402536527866,moderate,sedan,0
70,50,12302.616693614804,2,0,727.2888178271992,old,sedan,0
33,11,11398.732367527664,1,0,501.97325431012183,moderate,sedan,0
19,0,14739.204462600703,1,0,649.446364083373,new,suv,0
51,33,15073.120343035285,0,0,736.9329104046212,new,sedan,0
72,54,9523.09154611769,0,0,464.5213548539165,old,suv,0
25,6,13241.782579656958,0,1,643.5607558560393,new,suv,0
30,8,17322.074182382818,0,1,528.4215559216772,old,sedan,0
59,37,12486.676661641795,2,1,585.8433096450467,new,sports,0
25,5,14199.066658439893,1,1,399.49654105184777,moderate,sedan,1
47,28,21787.55927832256,0,0,789.2734118755027,moderate,sports,0
49,27,22960.118054076698,0,0,614.4170872596487,moderate,sports,0
53,35,6354.555629498565,0,2,569.2808135964085,moderate,sports,0
64,44,15455.590287993919,2,1,682.8267045457151,old,suv,0
47,26,26668.131084834626,0,0,545.7689767312751,moderate,sedan,0
18,0,16915.387471330305,2,0,536.2755471118705,old,sedan,1
60,41,15073.960235788623,0,1,801.0329169813728,new,suv,0
56,34,20250.752713798593,0,0,830.8663028326798,new,sedan,0
34,16,15872.371225846664,0,0,590.7936327717518,new,suv,0
37,16,17836.548582045347,0,0,756.735470991618,new,suv,0
41,20,14158.78202003183,1,0,685.6040443988086,moderate,sedan,0
67,48,15814.041441659669,1,0,508.61687082896503,moderate,sedan,0
39,21,16706.5227601688,1,0,557.1868106150215,old,sedan,0
46,26,18462.23506269594,0,0,805.1099799196935,new,suv,0
39,21,13273.117271642323,0,0,507.32049671758233,moderate,sedan,0
61,40,13164.403648836489,0,0,850.0,old,suv,0
